0,1,s_927, Taylor Swift, Welcome To New York,27-Oct-14, 3:32,Taylor Swift,Welcome To New York,27-Oct-14,3:32,1
2,2,s_929, Taylor Swift, Blank Space,27-Oct-14, 3:51,Taylor Swift,Style,27-Oct-14,3:51,0
4,3,s_929, Taylor Swift, Style,27-Oct-14, 3:51,Taylor Swift,Style,27-Oct-14,3:51,1
6,5,s_931, Taylor Swift, All You Had To Do Was Stay,28-Oct-14, 3:13,Taylor Swift,All You Had To Do Was Stay,27-Oct-14,3:13,1
8,7,s_933, Taylor Swift, I Wish You Would,27-Oct-14, 3:27,Taylor Swift,I Wish You Would,27-Oct-14,3:27,1
9,8,s_934, Taylor Swift, Bad Blood,27-Oct-14, 3:31,Taylor Swift,Bad Blood,27-Oct-14,3:31,1
10,9,s_935, Taylor Swift, Wildest Dreams,27-Oct-14, 3:40,Taylor Swift,Wildest Dreams,27-Oct-14,3:40,1
11,10,s_936, Taylor Swift, How You Get the Girl,27-Oct-14, 4:07,Taylor Swift,How You Get The Girl,27-Oct-14,4:07,1
14,11,s_937, Taylor Swift, This Love,27-Oct-14, 4:10,Taylor Swift,This Love,27-Oct-14,4:10,1
15,12,s_938, Taylor Swift, I Know Places,27-Oct-14, 3:15,Taylor Swift,I Know Places,27-Oct-14,3:15,1
16,13,s_939, Taylor Swift, Clean,27-Oct-14, 4:31,Taylor Swift,Clean,27-Oct-14,4:31,1
19,38,s_441, Taylor Swift, You're Not Sorry,11-Nov-08, 4:21,Lukas Graham,You're Not There,1-Apr-16,3:22,0
21,47,s_2531, Taylor Swift, Dear John,25-Oct-10, 6:43,Joe Walsh,Dear John,12-Jun-07,2:40,1
23,67,s_511, Taylor Swift, Our Song,24-Oct-06, 3:21,Elton John,Your Song,12-Nov-02,4:05,0
24,83,s_2713, Taylor Swift, Other Side of the Door,26-Oct-09, 3:57,Erykah Badu,Other Side Of The Game,11-Feb-97,6:33,1
25,88,s_1755, Taylor Swift, White Horse,26-Oct-09, 3:54,John Carpenter,White Pulse,15-Apr-16,4:20,0
27,92,s_441, Taylor Swift, You're Not Sorry,26-Oct-09, 4:21,Lukas Graham,You're Not There,1-Apr-16,3:22,0
28,96,s_1766, Taylor Swift, Change,26-Oct-09, 4:41,MuteMath,Changes,23-Sep-16,3:54,0
30,100,s_1755, Taylor Swift, White Horse,26-Oct-09, 4:04,John Carpenter,White Pulse,15-Apr-16,4:20,0
32,119,s_2468, Taylor Swift, Ours (Live),21-Nov-11, 4:05,Tye Tribbett & G.A.,Intro (Live),23-May-06,2:03,0
35,126,s_627, Taylor Swift, I Want You Back (Live),21-Nov-11, 1:23,Michael Jackson,I Want You Back,5-Jul-05,2:58,0
36,206,s_1563, Taylor Swift, Wonderland,17-Feb-15, 4:05,Earth Wind and Fire,Boogie Wonderland,17-Nov-98,4:47,0
38,224,s_912, Rihanna, James Joint,29-Jan-16, 1:12,Rihanna,James Joint [Explicit],29-Jan-16,1:12,1
39,225,s_913, Rihanna, Kiss It Better,29-Jan-16, 4:13,Rihanna,Kiss It Better [Explicit],29-Jan-16,4:13,1
44,231,s_919, Rihanna, Same Ol? Mistakes,29-Jan-16, 6:37,Rihanna,Same Ol' Mistakes,29-Jan-16,6:37,1
46,233,s_923, Rihanna, Love on the Brain,29-Jan-16, 3:43,Rihanna,Close To You,29-Jan-16,3:43,0
48,234,s_413, Rihanna, Higher,29-Jan-16, 2:00,Carly Rae Jepsen,Higher,26-Aug-16,3:54,0
49,234,s_922, Rihanna, Higher,29-Jan-16, 2:00,Rihanna,Higher [Explicit],29-Jan-16,2:00,1
50,235,s_923, Rihanna, Close to You,29-Jan-16, 3:57,Rihanna,Close To You,29-Jan-16,3:43,1
53,237,s_925, Rihanna, Pose,29-Jan-16, 2:24,Rihanna,Pose [Explicit],29-Jan-16,2:24,1
54,238,s_926, Rihanna, Sex with Me,29-Jan-16, 3:26,Rihanna,Sex With Me [Explicit],29-Jan-16,3:26,1
55,252,s_2273, Rihanna, Fool In Love,21-Nov-11, 4:16,Monophonics,Foolish Love,6-Oct-14,7:45,0
56,252,s_844, Rihanna, Fool In Love,21-Nov-11, 4:16,Britt Nicole,Fallin In Love,7-Oct-16,4:11,0
57,255,s_909, Rihanna, Diamonds,1-Jan-12, 3:45,Barry Gibb,Diamonds,7-Oct-16,5:17,1
59,279,s_2591, Rihanna, Sell Me Candy,1-Jan-08, 2:45,Various artists,Tell Me Baby,26-Feb-16,3:24,0
60,290,s_1321, Rihanna, What's My Name? (feat. Drake),1-Jan-10, 4:23,ODESZA,Say My Name (feat. Zyra),18-Sep-15,4:23,0
61,295,s_2530, Rihanna, Man Down,1-Jan-10, 4:27,Joe Walsh,Good Man Down,12-Jun-07,4:14,0
62,295,s_2555, Rihanna, Man Down,1-Jan-10, 4:27,Various artists,First Man Down,22-Aug-16,3:55,0
63,302,s_504, Rihanna, Mad House,1-Jan-09, 1:34,Jimi Hendrix,Red House,1-Jan-10,3:50,0
65,313,s_1788, Rihanna, Cold Case Love,1-Jan-09, 6:04,RY X,Hold Me Love,6-May-16,3:13,0
66,313,s_502, Rihanna, Cold Case Love,1-Jan-09, 6:04,Jimi Hendrix,Bold as Love,1-Jan-10,4:11,0
67,316,s_909, Rihanna, Diamonds,1-Jan-12, 3:45,Barry Gibb,Diamonds,7-Oct-16,5:17,0
69,354,s_504, Rihanna, Mad House,23-Nov-09, 1:34,Jimi Hendrix,Red House,1-Jan-10,3:50,0
70,362,s_88, Rihanna, Photographs,23-Nov-09, 4:46,Ed Sheeran,Photograph,23-Jun-14,4:19,0
73,372,s_412, Rihanna, Last Time,1-Jan-05, 4:53,Carly Rae Jepsen,First Time,26-Aug-16,3:35,0
75,381,s_1321, Rihanna, What's My Name? (feat. Drake),1-Jan-10, 4:23,ODESZA,Say My Name (feat. Zyra),18-Sep-15,4:23,0
76,386,s_2530, Rihanna, Man Down,1-Jan-10, 4:27,Joe Walsh,Good Man Down,12-Jun-07,4:14,0
77,386,s_2555, Rihanna, Man Down,1-Jan-10, 4:27,Various artists,First Man Down,22-Aug-16,3:55,0
80,395,s_913, Rihanna, Kiss It Better,29-Jan-16, 4:13,Rihanna,Kiss It Better [Explicit],29-Jan-16,4:13,1
83,398,s_916, Rihanna, Woo,29-Jan-16, 3:55,Rihanna,Woo [Explicit],29-Jan-16,3:55,1
84,399,s_917, Rihanna, Needed Me,29-Jan-16, 3:11,Rihanna,Needed Me [Explicit],29-Jan-16,3:11,1
87,403,s_923, Rihanna, Love On the Brain,29-Jan-16, 3:43,Rihanna,Close To You,29-Jan-16,3:43,0
88,403,s_961, Rihanna, Love On the Brain,29-Jan-16, 3:43,Adele,Love in the Dark,20-Nov-15,4:45,0
89,404,s_413, Rihanna, Higher,29-Jan-16, 2:00,Carly Rae Jepsen,Higher,26-Aug-16,3:54,0
90,404,s_922, Rihanna, Higher,29-Jan-16, 2:00,Rihanna,Higher [Explicit],29-Jan-16,2:00,1
91,405,s_1308, Rihanna, Close To You,29-Jan-16, 3:57,The Cure,Close To Me,13-Nov-01,3:40,0
95,407,s_925, Rihanna, Pose,29-Jan-16, 2:24,Rihanna,Pose [Explicit],29-Jan-16,2:24,1
96,408,s_1861, Rihanna, Sex With Me,29-Jan-16, 3:26,DeBarge,Stay With Me,25-Oct-10,3:47,0
98,408,s_2883, Rihanna, Sex With Me,29-Jan-16, 3:26,ATB,Here With Me,14-Jun-04,5:12,0
99,408,s_837, Rihanna, Sex With Me,29-Jan-16, 3:26,Rick Astley,Pray With Me,7-Oct-16,3:39,0
100,408,s_926, Rihanna, Sex With Me,29-Jan-16, 3:26,Rihanna,Sex With Me [Explicit],29-Jan-16,3:26,1
101,409,s_911, Rihanna, Consideration (feat. SZA),29-Jan-16, 2:41,Rihanna,Consideration [feat. SZA] [Explicit],29-Jan-16,2:41,1
102,410,s_912, Rihanna, James Joint,29-Jan-16, 1:12,Rihanna,James Joint [Explicit],29-Jan-16,1:12,1
104,412,s_914, Rihanna, Work (feat. Drake),29-Jan-16, 3:39,Rihanna,Work [feat. Drake] [Explicit],29-Jan-16,3:39,1
105,413,s_915, Rihanna, Desperado,29-Jan-16, 3:06,Rihanna,Desperado,29-Jan-16,3:06,1
106,414,s_916, Rihanna, Woo,29-Jan-16, 3:55,Rihanna,Woo [Explicit],29-Jan-16,3:55,1
107,415,s_917, Rihanna, Needed Me,29-Jan-16, 3:11,Rihanna,Needed Me [Explicit],29-Jan-16,3:11,1
108,417,s_919, Rihanna, Same Ol? Mistakes,29-Jan-16, 6:37,Rihanna,Same Ol' Mistakes,29-Jan-16,6:37,1
110,419,s_923, Rihanna, Love on the Brain,29-Jan-16, 3:43,Rihanna,Close To You,29-Jan-16,3:43,0
112,420,s_413, Rihanna, Higher,29-Jan-16, 2:00,Carly Rae Jepsen,Higher,26-Aug-16,3:54,1
113,420,s_922, Rihanna, Higher,29-Jan-16, 2:00,Rihanna,Higher [Explicit],29-Jan-16,2:00,1
116,441,s_909, Rihanna, Diamonds,1-Jan-12, 3:45,Barry Gibb,Diamonds,7-Oct-16,5:17,0
117,467,s_2273, Rihanna, Fool In Love,21-Nov-11, 4:15,Monophonics,Foolish Love,6-Oct-14,7:45,0
118,467,s_844, Rihanna, Fool In Love,21-Nov-11, 4:15,Britt Nicole,Fallin In Love,7-Oct-16,4:11,0
119,523,s_911, Rihanna, Consideration (feat. SZA),29-Jan-16, 2:41,Rihanna,Consideration [feat. SZA] [Explicit],29-Jan-16,2:41,1
120,524,s_912, Rihanna, James Joint,29-Jan-16, 1:12,Rihanna,James Joint [Explicit],29-Jan-16,1:12,1
121,525,s_913, Rihanna, Kiss It Better,29-Jan-16, 4:13,Rihanna,Kiss It Better [Explicit],29-Jan-16,4:13,1
122,526,s_914, Rihanna, Work (feat. Drake),29-Jan-16, 3:39,Rihanna,Work [feat. Drake] [Explicit],29-Jan-16,3:39,1
127,532,s_920, Rihanna, Never Ending,29-Jan-16, 3:22,Rihanna,Never Ending,29-Jan-16,3:22,1
128,533,s_923, Rihanna, Love on the Brain,29-Jan-16, 3:43,Rihanna,Close To You,29-Jan-16,3:43,0
129,533,s_961, Rihanna, Love on the Brain,29-Jan-16, 3:43,Adele,Love in the Dark,20-Nov-15,4:45,0
131,534,s_922, Rihanna, Higher,29-Jan-16, 2:00,Rihanna,Higher [Explicit],29-Jan-16,2:00,1
132,535,s_923, Rihanna, Close to You,29-Jan-16, 3:57,Rihanna,Close To You,29-Jan-16,3:43,1
133,716,s_909, Rihanna, Diamonds,1-Jan-12, 3:45,Barry Gibb,Diamonds,7-Oct-16,5:17,1
134,750,s_374, Eminem, Baby,5-Nov-13, 4:23,Janis Joplin,Cry Baby,31-Aug-99,3:56,0
135,755,s_2423, Eminem, Cold Wind Blows,18-Jun-10, 5:03,Muddy Waters,Blow Wind Blow,30-Oct-01,3:38,0
139,774,s_276, Eminem, Not Afraid,18-Jun-10, 4:12,Set It Off,Life Afraid,7-Oct-16,3:00,0
140,776,s_216, Eminem, White America,1-Jan-02, 5:24,Styx,Miss America,22-Aug-95,4:59,0
143,784,s_2207, Eminem, Without Me,1-Jan-02, 4:50,Nathan Feuerstein,With Me,29-Nov-10,4:17,0
144,784,s_2247, Eminem, Without Me,1-Jan-02, 4:50,CeCe Winans,Without Love,5-Aug-08,3:54,0
147,795,s_2423, Eminem, Cold Wind Blows,18-Jun-10, 5:03,Muddy Waters,Blow Wind Blow,30-Oct-01,3:38,0
149,803,s_889, Eminem, No Love (feat. Lil Wayne),18-Jun-10, 4:59,Ariana Grande,Let Me Love You [feat. Lil Wayne],20-May-16,3:43,0
150,811,s_1428, Eminem, Untitled,18-Jun-10, 3:14,Burial,Untitled,1-Jul-14,0:46,1
151,818,s_1127, Eminem, Way I Am,1-Jan-00, 4:50,Gavin DeGraw,Say I Am,9-Sep-16,3:15,0
152,820,s_305, Eminem, Remember Me?,1-Jan-00, 3:38,Ingrid Michaelson,I Remember Her,26-Aug-16,3:29,0
153,833,s_519, Eminem, Yellow Brick Road,4-Nov-04, 5:46,Elton John,Goodbye Yellow Brick Road,12-Nov-02,3:16,0
154,855,s_1127, Eminem, Way I Am,1-Jan-05, 4:51,Gavin DeGraw,Say I Am,9-Sep-16,3:15,0
155,858,s_113, Eminem, Lose Yourself,1-Jan-05, 5:26,Justin Bieber,Love Yourself,13-Nov-15,3:53,0
156,858,s_1716, Eminem, Lose Yourself,1-Jan-05, 5:26,Madonna,Express Yourself,12-Feb-13,4:04,0
157,858,s_633, Eminem, Lose Yourself,1-Jan-05, 5:26,Michael Jackson,Enjoy Yourself,5-Jul-05,3:21,0
158,861,s_2207, Eminem, Without Me,1-Jan-05, 4:51,Nathan Feuerstein,With Me,29-Nov-10,4:17,0
159,861,s_2247, Eminem, Without Me,1-Jan-05, 4:51,CeCe Winans,Without Love,5-Aug-08,3:54,0
160,861,s_2257, Eminem, Without Me,1-Jan-05, 4:51,Kem,Without You,17-May-05,4:08,0
161,861,s_732, Eminem, Without Me,1-Jan-05, 4:51,Gwen Stefani,Me Without You,18-Mar-16,3:33,0
162,875,s_210, JAY Z, Renegade,1-Jan-05, 5:36,Styx,Renegade,22-Aug-95,4:14,1
163,882,s_1981, Eminem, Hello,19-May-09, 4:08,Lionel Richie,Hello,31-Jan-12,4:08,0
164,882,s_2341, Eminem, Hello,19-May-09, 4:08,Prince,Hello,14-Jun-11,3:24,0
165,882,s_954, Eminem, Hello,19-May-09, 4:08,Adele,Hello,20-Nov-15,4:55,0
169,893,s_695, Eminem, Beautiful,19-May-09, 6:32,Tony Bennett and Lady Gaga,But Beautiful,23-Sep-14,4:04,0
170,897,s_1143, Eminem, We Made You (Single Version),19-May-09, 4:46,Louis Armstrong,La Vie En Rose (Single Version),10-May-94,3:26,0
174,897,s_1476, Eminem, We Made You (Single Version),19-May-09, 4:46,Michael Jackson,Beat It (Single Version),4-Dec-07,4:18,0
175,897,s_1877, Eminem, We Made You (Single Version),19-May-09, 4:46,Various artists,Joy To The World (Single Version),22-Aug-00,3:17,0
177,897,s_248, Eminem, We Made You (Single Version),19-May-09, 4:46,Michael Jackson,Rock with You (Single Version),12-Feb-08,3:40,0
179,897,s_2678, Eminem, We Made You (Single Version),19-May-09, 4:46,Etta James,At Last (Single Version),25-Mar-97,3:00,0
180,897,s_2696, Eminem, We Made You (Single Version),19-May-09, 4:46,Etta James,All The Way Down (Single Version),25-Mar-97,5:34,0
181,897,s_354, Eminem, We Made You (Single Version),19-May-09, 4:46,Johnny Cash,I Walk The Line (Single Version),25-Oct-05,2:44,0
183,897,s_637, Eminem, We Made You (Single Version),19-May-09, 4:46,Michael Jackson,Rock with You (Single Version),5-Jul-05,3:23,0
185,912,s_2632,  Eminem & Yelawolf, Twisted,24-Nov-14, 4:59,Wood Brothers,Twisted,1-Apr-08,4:08,0
187,917,s_1716, Eminem, Lose Yourself,24-Nov-14, 5:20,Madonna,Express Yourself,12-Feb-13,4:04,0
188,917,s_633, Eminem, Lose Yourself,24-Nov-14, 5:20,Michael Jackson,Enjoy Yourself,5-Jul-05,3:21,0
189,922,s_288,"Eminem, 50 Cent,Cashis', Lloyd Banks", You Don't Know,24-Nov-14, 4:17,Grace,You Don't Own Me,26-May-15,3:18,0
190,922,s_325,"Eminem, 50 Cent,Cashis', Lloyd Banks", You Don't Know,24-Nov-14, 4:17,Grace,You Don't Own Me,1-Jul-16,3:21,0
191,924,s_1812, Obie Trice, Wanna Know,24-Nov-14, 4:04,Various artists,I Wanna Know,5-Sep-16,3:04,0
192,936,s_1981, Eminem, Hello,21-Dec-09, 4:08,Lionel Richie,Hello,31-Jan-12,4:08,0
193,936,s_2341, Eminem, Hello,21-Dec-09, 4:08,Prince,Hello,14-Jun-11,3:24,0
194,936,s_954, Eminem, Hello,21-Dec-09, 4:08,Adele,Hello,20-Nov-15,4:55,0
197,947,s_2198, Eminem, Beautiful,21-Dec-09, 6:32,Nathan Feuerstein,Beautiful,29-Nov-10,4:27,0
200,965,s_1981, Eminem, Hello,19-May-09, 4:08,Lionel Richie,Hello,31-Jan-12,4:08,0
201,965,s_2341, Eminem, Hello,19-May-09, 4:08,Prince,Hello,14-Jun-11,3:24,0
202,965,s_954, Eminem, Hello,19-May-09, 4:08,Adele,Hello,20-Nov-15,4:55,0
203,967,s_1249, Eminem, Same Song & Dance,19-May-09, 4:06,Aerosmith,Same Old Song And Dance,26-Aug-11,3:02,0
204,972,s_2543, Eminem, Old Time's Sake,19-May-09, 4:38,Various artists,For Old Times' Sake,22-Aug-16,4:28,0
205,976,s_1911, Eminem, Beautiful,19-May-09, 6:32,India.Arie,Beautiful,27-Mar-01,4:05,0
206,976,s_2198, Eminem, Beautiful,19-May-09, 6:32,Nathan Feuerstein,Beautiful,29-Nov-10,4:27,0
207,976,s_695, Eminem, Beautiful,19-May-09, 6:32,Tony Bennett and Lady Gaga,But Beautiful,23-Sep-14,4:04,0
208,980,s_1143, Eminem, We Made You (Single Version),19-May-09, 4:47,Louis Armstrong,La Vie En Rose (Single Version),10-May-94,3:26,0
211,980,s_1204, Eminem, We Made You (Single Version),19-May-09, 4:47,Three Dog Night,Easy To Be Hard (Single Version),13-Mar-07,3:12,0
214,980,s_2304, Eminem, We Made You (Single Version),19-May-09, 4:47,Blood Sweat & Tears,More and More (Single Version),23-Feb-99,2:40,0
215,980,s_248, Eminem, We Made You (Single Version),19-May-09, 4:47,Michael Jackson,Rock with You (Single Version),12-Feb-08,3:40,0
217,980,s_2678, Eminem, We Made You (Single Version),19-May-09, 4:47,Etta James,At Last (Single Version),25-Mar-97,3:00,0
218,980,s_2696, Eminem, We Made You (Single Version),19-May-09, 4:47,Etta James,All The Way Down (Single Version),25-Mar-97,5:34,0
219,980,s_354, Eminem, We Made You (Single Version),19-May-09, 4:47,Johnny Cash,I Walk The Line (Single Version),25-Oct-05,2:44,0
221,980,s_637, Eminem, We Made You (Single Version),19-May-09, 4:47,Michael Jackson,Rock with You (Single Version),5-Jul-05,3:23,0
223,981,s_1135,"Eminem, Dr. Dre & 50 Cent", Crack a Bottle (Single Version),19-May-09, 5:15,Louis Armstrong,Mack The Knife (Single Version),10-May-94,3:24,0
226,981,s_1476,"Eminem, Dr. Dre & 50 Cent", Crack a Bottle (Single Version),19-May-09, 5:15,Michael Jackson,Beat It (Single Version),4-Dec-07,4:18,0
229,981,s_250,"Eminem, Dr. Dre & 50 Cent", Crack a Bottle (Single Version),19-May-09, 5:15,Michael Jackson,Beat It (Single Version),12-Feb-08,4:18,0
231,981,s_2684,"Eminem, Dr. Dre & 50 Cent", Crack a Bottle (Single Version),19-May-09, 5:15,Etta James,Trust In Me (Single Version),25-Mar-97,2:57,0
233,981,s_637,"Eminem, Dr. Dre & 50 Cent", Crack a Bottle (Single Version),19-May-09, 5:15,Michael Jackson,Rock with You (Single Version),5-Jul-05,3:23,0
234,981,s_643,"Eminem, Dr. Dre & 50 Cent", Crack a Bottle (Single Version),19-May-09, 5:15,Michael Jackson,Beat It (Single Version),5-Jul-05,4:18,0
235,981,s_656,"Eminem, Dr. Dre & 50 Cent", Crack a Bottle (Single Version),19-May-09, 5:15,Michael Jackson,Black or White (Single Version),5-Jul-05,3:22,0
237,988,s_288,"Eminem, 50 Cent, Cashis & Lloyd Banks", You Don't Know,1-Jan-06, 4:17,Grace,You Don't Own Me,26-May-15,3:18,0
238,988,s_325,"Eminem, 50 Cent, Cashis & Lloyd Banks", You Don't Know,1-Jan-06, 4:17,Grace,You Don't Own Me,1-Jul-16,3:21,0
239,1005,s_1408, Eminem, Intro,1-Jan-05, 0:33,Armin van Buuren,Into,19-Aug-16,3:24,0
240,1005,s_1898, Eminem, Intro,1-Jan-05, 0:33,India.Arie,Intro,27-Mar-01,0:50,0
242,1007,s_1127, Eminem, Way I Am,1-Jan-05, 4:51,Gavin DeGraw,Say I Am,9-Sep-16,3:15,0
243,1013,s_2207, Eminem, Without Me,1-Jan-05, 4:51,Nathan Feuerstein,With Me,29-Nov-10,4:17,0
244,1013,s_2247, Eminem, Without Me,1-Jan-05, 4:51,CeCe Winans,Without Love,5-Aug-08,3:54,0
245,1013,s_2257, Eminem, Without Me,1-Jan-05, 4:51,Kem,Without You,17-May-05,4:08,0
246,1013,s_732, Eminem, Without Me,1-Jan-05, 4:51,Gwen Stefani,Me Without You,18-Mar-16,3:33,0
248,1038,s_2423, Eminem, Cold Wind Blows,18-Jun-10, 5:03,Muddy Waters,Blow Wind Blow,30-Oct-01,3:38,0
249,1044,s_276, Eminem, Not Afraid,18-Jun-10, 4:08,Set It Off,Life Afraid,7-Oct-16,3:00,0
250,1046,s_889, Eminem, No Love (feat. Lil Wayne),18-Jun-10, 4:59,Ariana Grande,Let Me Love You [feat. Lil Wayne],20-May-16,3:43,0
251,1054,s_1428, Eminem, Untitled,18-Jun-10, 3:14,Burial,Untitled,1-Jul-14,0:46,0
252,1056,s_1127, Eminem, Way I Am,1-Jan-05, 4:50,Gavin DeGraw,Say I Am,9-Sep-16,3:15,0
256,1061,s_732, Eminem, Without Me,1-Jan-05, 4:50,Gwen Stefani,Me Without You,18-Mar-16,3:33,0
260,1114,s_519, Eminem, Yellow Brick Road,12-Nov-04, 5:46,Elton John,Goodbye Yellow Brick Road,12-Nov-02,3:16,0
261,1153,s_2947, Bizarre & Kuniva, Murder,5-Dec-06, 2:11,Lido,Murder,7-Oct-16,4:35,0
264,1178,s_1981, Eminem, Hello,21-Dec-09, 4:08,Lionel Richie,Hello,31-Jan-12,4:08,0
265,1178,s_2341, Eminem, Hello,21-Dec-09, 4:08,Prince,Hello,14-Jun-11,3:24,0
266,1178,s_954, Eminem, Hello,21-Dec-09, 4:08,Adele,Hello,20-Nov-15,4:55,0
267,1180,s_1249, Eminem, Same Song & Dance,21-Dec-09, 4:06,Aerosmith,Same Old Song And Dance,26-Aug-11,3:02,0
268,1189,s_1911, Eminem, Beautiful,21-Dec-09, 6:32,India.Arie,Beautiful,27-Mar-01,4:05,0
270,1189,s_695, Eminem, Beautiful,21-Dec-09, 6:32,Tony Bennett and Lady Gaga,But Beautiful,23-Sep-14,4:04,0
271,1192,s_2390, Eminem, Underground,21-Dec-09, 6:11,B. B. King,Go Underground,25-Oct-05,4:03,0
272,1201,s_216, Eminem, White America,1-Jan-02, 5:24,Styx,Miss America,22-Aug-95,4:59,0
274,1206,s_1828, Eminem, Soldier,1-Jan-02, 3:46,Various artists,Soldier,5-Sep-16,3:14,0
275,1208,s_2207, Eminem, Without Me,1-Jan-02, 4:50,Nathan Feuerstein,With Me,29-Nov-10,4:17,0
276,1208,s_2247, Eminem, Without Me,1-Jan-02, 4:50,CeCe Winans,Without Love,5-Aug-08,3:54,0
277,1208,s_2257, Eminem, Without Me,1-Jan-02, 4:50,Kem,Without You,17-May-05,4:08,0
278,1208,s_732, Eminem, Without Me,1-Jan-02, 4:50,Gwen Stefani,Me Without You,18-Mar-16,3:33,0
279,1241,s_2428, Eminem, I'm Shady,23-Feb-99, 3:31,Muddy Waters,I'm Ready,30-Oct-01,3:39,0
282,1289,s_1981, Eminem, Hello,1-Jan-09, 4:08,Lionel Richie,Hello,31-Jan-12,4:08,0
283,1289,s_2341, Eminem, Hello,1-Jan-09, 4:08,Prince,Hello,14-Jun-11,3:24,0
286,1300,s_1911, Eminem, Beautiful,1-Jan-09, 6:32,India.Arie,Beautiful,27-Mar-01,4:05,0
287,1300,s_2198, Eminem, Beautiful,1-Jan-09, 6:32,Nathan Feuerstein,Beautiful,29-Nov-10,4:27,0
288,1300,s_695, Eminem, Beautiful,1-Jan-09, 6:32,Tony Bennett and Lady Gaga,But Beautiful,23-Sep-14,4:04,0
290,1315,s_415,"Drake, Kanye West, Lil Wayne & Eminem", Forever,15-Sep-09, 5:57,Carly Rae Jepsen,Fever,26-Aug-16,3:05,0
293,1331,s_2183, Katy Perry, Love Me,22-Oct-13, 3:52,Anthony Hamilton,Save Me,25-Mar-16,3:55,0
294,1331,s_448, Katy Perry, Love Me,22-Oct-13, 3:52,Meghan Trainor,I Love Me,13-May-16,2:47,0
299,1348,s_530, Katy Perry, I'm Still Breathing,17-Jun-08, 3:48,Elton John,I'm Still Standing,12-Nov-02,3:04,0
300,1360,s_991, Katy Perry, Pearl,23-Mar-12, 4:07,Sade,Pearls,8-Jan-16,4:33,0
301,1365,s_702, Katy Perry, Wide Awake,23-Mar-12, 3:40,Daya,Hide Away,7-Oct-16,3:12,0
303,1379,s_1364, Katy Perry, Love Me,1-Jan-13, 3:52,Gareth Emery,Save Me,1-Apr-16,6:14,0
304,1379,s_2183, Katy Perry, Love Me,1-Jan-13, 3:52,Anthony Hamilton,Save Me,25-Mar-16,3:55,0
305,1379,s_448, Katy Perry, Love Me,1-Jan-13, 3:52,Meghan Trainor,I Love Me,13-May-16,2:47,0
306,1380,s_2520, Katy Perry, This Moment,1-Jan-13, 3:46,Kem,Cherish This Moment,25-Feb-03,4:13,0
307,1393,s_991, Katy Perry, Pearl,24-Aug-10, 4:07,Sade,Pearls,8-Jan-16,4:33,0
308,1405,s_991, Katy Perry, Pearl,24-Aug-10, 4:07,Sade,Pearls,8-Jan-16,4:33,0
309,1417,s_991, Katy Perry, Pearl,23-Mar-12, 4:07,Sade,Pearls,8-Jan-16,4:33,0
311,1431,s_1335, Katy Perry, Lost (Live),13-Nov-09, 4:59,ODESZA,Bloom (Live),18-Sep-15,3:30,0
314,1448,s_2504, Katy Perry, Use Your Love,20-Nov-07, 3:03,The Rolling Stones,All Of Your Love,2-Dec-16,4:46,0
316,1448,s_329, Katy Perry, Use Your Love,20-Nov-07, 3:03,Grace,Feel Your Love,1-Jul-16,3:03,0
317,1449,s_1363, Katy Perry, Lost,20-Nov-07, 4:20,Gareth Emery,Lost,1-Apr-16,4:31,0
318,1449,s_1935, Katy Perry, Lost,20-Nov-07, 4:20,Maxwell,Lost,1-Jul-16,3:57,0
320,1461,s_287, Katy Perry, Use Your Love,20-Nov-07, 3:03,Grace,Feel Your Love,26-May-15,3:03,0
321,1461,s_329, Katy Perry, Use Your Love,20-Nov-07, 3:03,Grace,Feel Your Love,1-Jul-16,3:03,0
323,1462,s_1935, Katy Perry, Lost,20-Nov-07, 4:21,Maxwell,Lost,1-Jul-16,3:57,0
324,1477,s_991, Katy Perry, Pearl,24-Aug-10, 4:07,Sade,Pearls,8-Jan-16,4:33,0
325,1493,s_991, Katy Perry, Pearl,24-Aug-10, 4:07,Sade,Pearls,8-Jan-16,4:33,0
328,1538,s_2268, Drake, Redemption,29-Apr-16, 5:33,Monophonics,Deception,6-Oct-14,4:52,0
329,1542,s_1116, Drake, Controlla,29-Apr-16, 4:05,Janet Jackson,Control,24-Apr-07,5:14,0
330,1542,s_2820, Drake, Controlla,29-Apr-16, 4:05,Janet Jackson,Control,24-Apr-07,5:53,0
332,1555,s_633, Drake, Know Yourself,13-Feb-15, 4:35,Michael Jackson,Enjoy Yourself,5-Jul-05,3:21,0
333,1565,s_116, Drake, Company (feat. Travi$ Scott),13-Feb-15, 4:12,Justin Bieber,No Sense [feat. Travis Scott],13-Nov-15,4:35,0
334,1567,s_1956, Drake, Jungle,13-Feb-15, 5:20,H.E.R.,Jungle,9-Sep-16,5:04,0
335,1577,s_2945, Drake, Connect,24-Sep-13, 4:56,Daft Punk,Contact,21-May-13,6:23,0
336,1578,s_1389, Drake, Language,24-Sep-13, 3:44,Armin van Buuren,Body Language,19-Aug-16,2:11,0
337,1578,s_1815, Drake, Language,24-Sep-13, 3:44,Various artists,Bad Language,5-Sep-16,3:13,0
339,1596,s_1234, Drake, Doing It Wrong,15-Nov-11, 4:25,Jamestown Revival,Done Me Wrong,7-Oct-16,4:03,0
340,1620,s_1012, Drake, Up All Night,1-Jan-10, 3:54,Beyonce,All Night,25-Apr-16,5:22,0
341,1620,s_1189, Drake, Up All Night,1-Jan-10, 3:54,Charlie Puth,Up All Night,29-Jan-16,3:10,0
343,1620,s_38, Drake, Up All Night,1-Jan-10, 3:54,Beyonce,All Night,25-Apr-16,5:21,0
344,1620,s_756, Drake, Up All Night,1-Jan-10, 3:54,Huey Lewis And The News,It's All Right,23-May-06,3:03,0
346,1624,s_301, Drake, Light Up,1-Jan-10, 4:34,Ingrid Michaelson,Light Me Up,26-Aug-16,4:07,0
348,1627,s_2504, Drake, Find Your Love,1-Jan-10, 3:28,The Rolling Stones,All Of Your Love,2-Dec-16,4:46,0
349,1627,s_287, Drake, Find Your Love,1-Jan-10, 3:28,Grace,Feel Your Love,26-May-15,3:03,0
351,1648,s_1234, Drake, Doing It Wrong,15-Nov-11, 4:25,Jamestown Revival,Done Me Wrong,7-Oct-16,4:03,0
353,1661,s_1189, Drake, Up All Night,1-Jan-10, 3:54,Charlie Puth,Up All Night,29-Jan-16,3:10,0
355,1661,s_38, Drake, Up All Night,1-Jan-10, 3:54,Beyonce,All Night,25-Apr-16,5:21,0
356,1661,s_756, Drake, Up All Night,1-Jan-10, 3:54,Huey Lewis And The News,It's All Right,23-May-06,3:03,0
357,1665,s_1073, Drake, Light Up,1-Jan-10, 4:34,OneRepublic,Light It Up,14-Apr-14,4:10,0
358,1665,s_301, Drake, Light Up,1-Jan-10, 4:34,Ingrid Michaelson,Light Me Up,26-Aug-16,4:07,0
359,1668,s_2253, Drake, Find Your Love,1-Jan-10, 3:28,Kem,Find Your Way,17-May-05,4:33,0
360,1668,s_2504, Drake, Find Your Love,1-Jan-10, 3:28,The Rolling Stones,All Of Your Love,2-Dec-16,4:46,0
365,1679,s_1815, Drake, Language,24-Sep-13, 3:44,Various artists,Bad Language,5-Sep-16,3:13,0
366,1679,s_416, Drake, Language,24-Sep-13, 3:44,Carly Rae Jepsen,Body Language,26-Aug-16,2:53,0
367,1686,s_113, Drake, Know Yourself,13-Feb-15, 4:35,Justin Bieber,Love Yourself,13-Nov-15,3:53,0
368,1686,s_633, Drake, Know Yourself,13-Feb-15, 4:35,Michael Jackson,Enjoy Yourself,5-Jul-05,3:21,0
369,1696,s_116, Drake, Company (feat. Travi$ Scott),13-Feb-15, 4:12,Justin Bieber,No Sense [feat. Travis Scott],13-Nov-15,4:35,0
372,1709,s_1389, Drake, Language,24-Sep-13, 3:44,Armin van Buuren,Body Language,19-Aug-16,2:11,0
374,1709,s_416, Drake, Language,24-Sep-13, 3:44,Carly Rae Jepsen,Body Language,26-Aug-16,2:53,0
375,1717,s_2207, Drake, U With Me?,29-Apr-16, 4:57,Nathan Feuerstein,With Me,29-Nov-10,4:17,0
376,1721,s_2268, Drake, Redemption,29-Apr-16, 5:33,Monophonics,Deception,6-Oct-14,4:52,0
378,1725,s_2820, Drake, Controlla,29-Apr-16, 4:05,Janet Jackson,Control,24-Apr-07,5:53,0
379,1761,s_2945, Drake, Connect,24-Sep-13, 4:56,Daft Punk,Contact,21-May-13,6:23,0
380,1762,s_1389, Drake, Language,24-Sep-13, 3:44,Armin van Buuren,Body Language,19-Aug-16,2:11,0
381,1762,s_1815, Drake, Language,24-Sep-13, 3:44,Various artists,Bad Language,5-Sep-16,3:13,0
382,1762,s_416, Drake, Language,24-Sep-13, 3:44,Carly Rae Jepsen,Body Language,26-Aug-16,2:53,0
383,1768,s_1345, Page, I'm Still Fly (Instrumental),12-Jul-11, 3:39,ODESZA,It's Only (Instrumental),18-Sep-15,4:20,0
384,1788,s_1721, Drake, Right Hand,3-Aug-15, 3:10,Skrillex,Right In,8-Nov-11,3:00,0
387,1853,s_1043, Beyonce, Heaven,13-Dec-13, 3:50,OneRepublic,Heaven,7-Oct-16,4:18,0
389,1873,s_1002, Beyonce, Pray You Catch Me,23-Apr-16, 3:15,Beyonce,Pray You Catch Me,25-Apr-16,3:16,1
390,1873,s_28, Beyonce, Pray You Catch Me,23-Apr-16, 3:15,Beyonce,Pray You Catch Me,25-Apr-16,3:16,1
391,1874,s_825, Beyonce, Hold Up,23-Apr-16, 3:41,Shawn Mendes,Hold On,23-Sep-16,3:19,0
392,1876,s_112, Beyonce, Sorry,23-Apr-16, 3:52,Justin Bieber,Sorry,13-Nov-15,3:20,0
393,1878,s_1007, Beyonce, Daddy Lessons,23-Apr-16, 4:47,Beyonce,Daddy Lessons,25-Apr-16,4:48,1
395,1879,s_1008, Beyonce, Love Drought,23-Apr-16, 3:57,Beyonce,Love Drought,25-Apr-16,3:57,1
396,1879,s_34, Beyonce, Love Drought,23-Apr-16, 3:57,Beyonce,Love Drought,25-Apr-16,3:57,1
397,1883,s_1012, Beyonce, All Night,23-Apr-16, 5:21,Beyonce,All Night,25-Apr-16,5:22,1
399,1883,s_2572, Beyonce, All Night,23-Apr-16, 5:21,DeBarge,Dance All Night,25-Mar-97,4:04,0
400,1883,s_38, Beyonce, All Night,23-Apr-16, 5:21,Beyonce,All Night,25-Apr-16,5:21,1
402,1906,s_2196, Beyonce, I Miss You,29-Mar-13, 2:58,Nathan Feuerstein,Miss You,29-Nov-10,4:15,0
403,1906,s_2514, Beyonce, I Miss You,29-Mar-13, 2:58,Kem,Miss You,25-Feb-03,4:27,0
404,1906,s_956, Beyonce, I Miss You,29-Mar-13, 2:58,Adele,I Miss You,20-Nov-15,5:48,0
410,1955,s_2254, Beyonce, Heaven,13-Dec-13, 3:50,Kem,Heaven,17-May-05,6:22,0
411,1975,s_1002, Beyonce, Pray You Catch Me,23-Apr-16, 3:16,Beyonce,Pray You Catch Me,25-Apr-16,3:16,1
412,1975,s_28, Beyonce, Pray You Catch Me,23-Apr-16, 3:16,Beyonce,Pray You Catch Me,25-Apr-16,3:16,1
413,1976,s_825, Beyonce, Hold Up,23-Apr-16, 3:41,Shawn Mendes,Hold On,23-Sep-16,3:19,0
415,1980,s_1007, Beyonce, Daddy Lessons,23-Apr-16, 4:47,Beyonce,Daddy Lessons,25-Apr-16,4:48,1
417,1981,s_1008, Beyonce, Love Drought,23-Apr-16, 3:57,Beyonce,Love Drought,25-Apr-16,3:57,1
419,1985,s_1012, Beyonce, All Night,23-Apr-16, 5:21,Beyonce,All Night,25-Apr-16,5:22,1
420,1985,s_1189, Beyonce, All Night,23-Apr-16, 5:21,Charlie Puth,Up All Night,29-Jan-16,3:10,0
421,1985,s_2572, Beyonce, All Night,23-Apr-16, 5:21,DeBarge,Dance All Night,25-Mar-97,4:04,0
422,1985,s_38, Beyonce, All Night,23-Apr-16, 5:21,Beyonce,All Night,25-Apr-16,5:21,1
425,2030,s_2468, Beyonce, Intro (Live),26-Nov-10, 1:11,Tye Tribbett & G.A.,Intro (Live),23-May-06,2:03,0
426,2030,s_2481, Beyonce, Intro (Live),26-Nov-10, 1:11,Tye Tribbett & G.A.,Victory (Live),23-May-06,4:09,0
427,2053,s_2468, Beyonce, Halo (Live),26-Nov-10, 6:31,Tye Tribbett & G.A.,Intro (Live),23-May-06,2:03,0
428,2054,s_2468, Beyonce, Outro (Live),26-Nov-10, 1:58,Tye Tribbett & G.A.,Intro (Live),23-May-06,2:03,0
429,2054,s_2481, Beyonce, Outro (Live),26-Nov-10, 1:58,Tye Tribbett & G.A.,Victory (Live),23-May-06,4:09,0
430,2067,s_1043, Beyonce, Heaven,24-Nov-14, 3:50,OneRepublic,Heaven,7-Oct-16,4:18,0
431,2067,s_2254, Beyonce, Heaven,24-Nov-14, 3:50,Kem,Heaven,17-May-05,6:22,0
433,2135,s_2254, Beyonce, Heaven,24-Nov-14, 3:50,Kem,Heaven,17-May-05,6:22,0
434,2171,s_1765, Beyonce, Save the Hero (Bonus Track),17-Nov-08, 4:33,John Carpenter,Real Xeno (Bonus Track),15-Apr-16,4:30,0
436,2178,s_1981, Beyonce, Hello,17-Nov-08, 4:16,Lionel Richie,Hello,31-Jan-12,4:08,0
438,2178,s_954, Beyonce, Hello,17-Nov-08, 4:16,Adele,Hello,20-Nov-15,4:55,0
440,2193,s_539, Beyonce, Halo (Radio Edit),13-Apr-09, 3:44,Elton John,Believe (Radio Edit),12-Nov-02,4:52,0
441,2217,s_935, Beyonce, Sweet Dreams,21-Jul-09, 3:29,Taylor Swift,Wildest Dreams,27-Oct-14,3:40,0
442,2248,s_1043, Beyonce, Heaven,24-Nov-14, 3:50,OneRepublic,Heaven,7-Oct-16,4:18,0
443,2248,s_2254, Beyonce, Heaven,24-Nov-14, 3:50,Kem,Heaven,17-May-05,6:22,0
445,2303,s_2254, Beyonce, Heaven,24-Nov-14, 3:50,Kem,Heaven,17-May-05,6:22,0
447,2374,s_2008, Beyonce & Bilal, Everything I Do,18-May-04, 4:21,After 7,Everything,14-Oct-16,3:52,0
448,2392,s_1074, Maroon 5, Can't Stop,22-May-07, 2:32,OneRepublic,Can't Stop,14-Apr-14,4:09,0
449,2393,s_1597, Maroon 5, Goodnight Goodnight,22-May-07, 4:03,Tears For Fears,Goodnight Song,25-Sep-01,3:52,0
451,2394,s_2203, Maroon 5, Not Falling Apart,22-May-07, 4:03,Nathan Feuerstein,Falling Apart,29-Nov-10,4:30,0
452,2399,s_1126, Maroon 5, Harder To Breathe,25-Jun-02, 2:54,Gavin DeGraw,Harder To Believe,9-Sep-16,4:04,0
453,2400,s_1857, Maroon 5, This Love,25-Jun-02, 3:27,DeBarge,All This Love,25-Oct-10,5:53,0
454,2400,s_2567, Maroon 5, This Love,25-Jun-02, 3:27,DeBarge,All This Love,25-Mar-97,5:53,0
455,2400,s_937, Maroon 5, This Love,25-Jun-02, 3:27,Taylor Swift,This Love,27-Oct-14,4:10,0
456,2411,s_108, Maroon 5, One More Night,1-Jan-12, 3:39,April Wine,One More Time,13-Apr-91,3:56,0
459,2423,s_222, Maroon 5, Wipe Your Eyes,1-Jan-12, 3:36,Meghan Trainor,Close Your Eyes,13-Jan-15,3:40,0
460,2427,s_108, Maroon 5, One More Night,1-Jan-12, 3:39,April Wine,One More Time,13-Apr-91,3:56,0
462,2427,s_2919, Maroon 5, One More Night,1-Jan-12, 3:39,Daft Punk,One More Time,21-Nov-11,5:20,0
464,2442,s_940, Maroon 5, Don't Know Nothing,5-Aug-14, 3:19,Norah Jones,Don't Know Why,26-Feb-02,3:06,0
465,2447,s_1480, Maroon 5, Get Back In My Life,5-Aug-14, 3:37,Michael Jackson,The Lady in My Life,4-Dec-07,5:00,0
466,2447,s_2106, Maroon 5, Get Back In My Life,5-Aug-14, 3:37,The Righteous Brothers,Just Once In My Life,15-Jan-91,3:49,0
468,2449,s_91, Maroon 5, Runaway,5-Aug-14, 3:01,Ed Sheeran,Runaway,23-Jun-14,3:25,0
469,2455,s_827, Maroon 5, Misery (Acoustic),5-Aug-14, 3:46,Shawn Mendes,Mercy (Acoustic),23-Sep-16,3:39,0
470,2457,s_395, Maroon 5, Air That I Breathe,5-Aug-14, 4:17,The Hollies,The Air That I Breathe,26-Mar-02,4:09,0
471,2458,s_722, Maroon 5, Misery,5-Aug-14, 3:36,Gwen Stefani,Misery,18-Mar-16,3:26,0
472,2461,s_940, Maroon 5, Don't Know Nothing,5-Aug-14, 3:19,Norah Jones,Don't Know Why,26-Feb-02,3:06,0
473,2466,s_1480, Maroon 5, Get Back In My Life,5-Aug-14, 3:37,Michael Jackson,The Lady in My Life,4-Dec-07,5:00,0
476,2468,s_91, Maroon 5, Runaway,5-Aug-14, 3:01,Ed Sheeran,Runaway,23-Jun-14,3:25,0
477,2471,s_395, Maroon 5, Air That I Breathe,5-Aug-14, 4:17,The Hollies,The Air That I Breathe,26-Mar-02,4:09,0
478,2472,s_418, Maroon 5, Story,18-Dec-07, 4:29,Carly Rae Jepsen,Store,26-Aug-16,3:12,0
480,2486,s_1129, Maroon 5, New Love,15-May-15, 3:16,Gavin DeGraw,New Love,9-Sep-16,3:26,0
481,2486,s_2719, Maroon 5, New Love,15-May-15, 3:16,Erykah Badu,No Love,11-Feb-97,5:08,0
482,2491,s_2247, Maroon 5, Shoot Love,15-May-15, 3:10,CeCe Winans,Without Love,5-Aug-08,3:54,0
483,2500,s_108, Maroon 5, One More Night,17-Jul-12, 3:39,April Wine,One More Time,13-Apr-91,3:56,0
484,2500,s_2073, Maroon 5, One More Night,17-Jul-12, 3:39,Michael Kiwanuka,One More Night,15-Jul-16,3:53,0
485,2500,s_2919, Maroon 5, One More Night,17-Jul-12, 3:39,Daft Punk,One More Time,21-Nov-11,5:20,0
486,2512,s_222, Maroon 5, Wipe Your Eyes,17-Jul-12, 3:36,Meghan Trainor,Close Your Eyes,13-Jan-15,3:40,0
487,2516,s_108, Maroon 5, One More Night,26-Jun-12, 3:39,April Wine,One More Time,13-Apr-91,3:56,0
489,2516,s_2919, Maroon 5, One More Night,26-Jun-12, 3:39,Daft Punk,One More Time,21-Nov-11,5:20,0
490,2574,s_827, Maroon 5, Sun (Acoustic),23-Apr-07, 5:18,Shawn Mendes,Mercy (Acoustic),23-Sep-16,3:39,0
491,2584,s_1129, Maroon 5, New Love,18-May-15, 3:16,Gavin DeGraw,New Love,9-Sep-16,3:26,0
492,2584,s_2719, Maroon 5, New Love,18-May-15, 3:16,Erykah Badu,No Love,11-Feb-97,5:08,0
493,2596,s_1857, Maroon 5, This Love,25-Jun-02, 3:26,DeBarge,All This Love,25-Oct-10,5:53,0
494,2596,s_2567, Maroon 5, This Love,25-Jun-02, 3:26,DeBarge,All This Love,25-Mar-97,5:53,0
495,2596,s_937, Maroon 5, This Love,25-Jun-02, 3:26,Taylor Swift,This Love,27-Oct-14,4:10,0
497,2631,s_2719, Maroon 5, New Love,15-May-15, 3:16,Erykah Badu,No Love,11-Feb-97,5:08,0
499,2646,s_1129, Maroon 5, New Love,15-May-15, 3:16,Gavin DeGraw,New Love,9-Sep-16,3:26,0
502,2674,s_2567, Maroon 5, This Love,12-Feb-08, 3:25,DeBarge,All This Love,25-Mar-97,5:53,0
503,2674,s_937, Maroon 5, This Love,12-Feb-08, 3:25,Taylor Swift,This Love,27-Oct-14,4:10,0
506,2719,s_1765, Kanye West, Heartless (Bonus Track),2008, 3:40,John Carpenter,Real Xeno (Bonus Track),15-Apr-16,4:30,0
510,2740,s_1941, Kanye West, Addiction,1-Jan-05, 4:27,Black Violin,Addiction,18-Sep-15,4:08,0
512,2751,s_1408, Kanye West, Intro,1-Jan-04, 0:19,Armin van Buuren,Into,19-Aug-16,3:24,0
513,2751,s_1898, Kanye West, Intro,1-Jan-04, 0:19,India.Arie,Intro,27-Mar-01,0:50,0
516,2754,s_2757, Kanye West, All Falls Down,1-Jan-04, 3:43,Ana Popovic,Rain Fall Down,27-Mar-13,4:07,0
517,2768,s_294,"Kanye West, Mos Def, Freeway & The Harlem Boys Choir", Two Words,1-Jan-04, 4:26,Sabrina Carpenter,No Words,14-Oct-16,3:33,0
518,2776,s_1382, Kanye West, All of the Lights,22-Nov-10, 4:59,Armin van Buuren,Follow The Light,19-Aug-16,4:22,0
520,2794,s_584, JAY Z & Kanye West, Welcome Tto the Jungle,2011, 2:54,Guns N' Roses,Welcome To The Jungle,21-Jul-87,4:33,0
521,2818,s_1918, Kanye West & JAY Z, New Day,12-Aug-11, 4:32,Alicia Keys,New Day,27-Nov-12,4:02,0
522,2820,s_584, Kanye West & JAY Z, Welcome to the Jungle,12-Aug-11, 2:54,Guns N' Roses,Welcome To The Jungle,21-Jul-87,4:33,0
523,2837,s_1454, Kanye West, Roses,1-Jan-05, 4:05,The Chainsmokers,Roses,23-Oct-15,3:45,0
524,2837,s_419, Kanye West, Roses,1-Jan-05, 4:05,Carly Rae Jepsen,Roses,26-Aug-16,3:40,0
525,2837,s_826, Kanye West, Roses,1-Jan-05, 4:05,Shawn Mendes,Roses,23-Sep-16,3:52,0
527,2845,s_309, Kanye West, Celebration,1-Jan-05, 3:18,Ingrid Michaelson,Celebrate,26-Aug-16,3:29,0
528,2847,s_2361, Kanye West, Gone,1-Jan-05, 5:33,Laith Al-Saadi,Gone,1-Sep-13,3:45,0
529,2847,s_2794, Kanye West, Gone,1-Jan-05, 5:33,My bubba & Mi,Gone,13-Aug-10,2:35,0
530,2849,s_2005, Kanye West, Late,1-Jan-05, 3:50,After 7,Too Late,14-Oct-16,3:48,0
531,2850,s_1408, Kanye West, Intro,1-Jan-04, 0:19,Armin van Buuren,Into,19-Aug-16,3:24,0
532,2850,s_1898, Kanye West, Intro,1-Jan-04, 0:19,India.Arie,Intro,27-Mar-01,0:50,0
535,2853,s_2757, Kanye West, All Falls Down,1-Jan-04, 3:43,Ana Popovic,Rain Fall Down,27-Mar-13,4:07,0
538,2890,s_1918, Kanye West & JAY Z, New Day,"Aug 12,2011", 4:32,Alicia Keys,New Day,27-Nov-12,4:02,0
539,2892,s_584, Kanye West & JAY Z, Welcome to the Jungle,"Aug 12,2011", 2:54,Guns N' Roses,Welcome To The Jungle,21-Jul-87,4:33,0
540,2901,s_1382, Kanye West, All of the Lights,22-Nov-10, 4:59,Armin van Buuren,Follow The Light,19-Aug-16,4:22,0
542,2911,s_91, Kanye West, Runway,22-Nov-10, 34:25,Ed Sheeran,Runaway,23-Jun-14,3:25,0
543,2917,s_1918, JAY Z & Kanye West, New Day,2011, 4:32,Alicia Keys,New Day,27-Nov-12,4:02,0
545,2934,s_1531, Kanye West, We Don't Care,31-Aug-04, 2:55,Die Antwoord,I Don't Care,16-Sep-16,4:44,0
546,2962,s_2115, Kanye West, Low Lights,15-Jun-16, 2:11,Chloe x Halle,Red Lights,29-Apr-16,3:17,0
547,2963,s_1836, Kanye West, Highlights,15-Jun-16, 3:19,Various artists,Highlight,5-Sep-16,4:11,0
549,2981,s_2341, Adele, Hello,20-Nov-15, 4:55,Prince,Hello,14-Jun-11,3:24,0
550,2981,s_954, Adele, Hello,20-Nov-15, 4:55,Adele,Hello,20-Nov-15,4:55,0
552,2983,s_2196, Adele, I Miss You,20-Nov-15, 5:48,Nathan Feuerstein,Miss You,29-Nov-10,4:15,0
553,2983,s_2514, Adele, I Miss You,20-Nov-15, 5:48,Kem,Miss You,25-Feb-03,4:27,0
554,2983,s_956, Adele, I Miss You,20-Nov-15, 5:48,Adele,I Miss You,20-Nov-15,5:48,1
556,2984,s_957, Adele, When We Were Young,20-Nov-15, 4:50,Adele,When We Were Young,20-Nov-15,4:50,1
557,2985,s_958, Adele, Remedy,20-Nov-15, 4:05,Adele,Remedy,20-Nov-15,4:05,1
561,2988,s_961, Adele, Love in the Dark,20-Nov-15, 4:45,Adele,Love in the Dark,20-Nov-15,4:45,1
563,2990,s_963, Adele, All I Ask,20-Nov-15, 4:31,Adele,All I Ask,20-Nov-15,4:31,1
564,2991,s_964, Adele, Sweetest Devotion,20-Nov-15, 4:11,Adele,Sweetest Devotion,20-Nov-15,4:11,1
567,2993,s_712, Adele, Rumour Has It,24-Jan-11, 3:43,Adele,Rumour Has It,22-Feb-11,3:41,1
570,2995,s_714, Adele, Don't You Remember,24-Jan-11, 4:03,Adele,Don't You Remember,22-Feb-11,4:03,1
571,2996,s_715, Adele, Set Fire to the Rain,24-Jan-11, 4:01,Adele,Set Fire to the Rain,22-Feb-11,4:01,1
572,2997,s_716, Adele, He Won't Go,24-Jan-11, 4:37,Adele,He Won't Go,22-Feb-11,4:37,1
573,2998,s_2281, Adele, Take It All,24-Jan-11, 3:48,Brian Culbertson,Take It Up,30-Sep-16,4:14,0
574,2998,s_717, Adele, Take It All,24-Jan-11, 3:48,Adele,Take It All,22-Feb-11,3:48,1
575,2999,s_718, Adele, I'll Be Waiting,24-Jan-11, 4:01,Adele,I'll Be Waiting,22-Feb-11,4:01,1
577,3005,s_1709, Adele,Crazy for You,28-Jan-08, 3:28,Madonna,Crazy For You,12-Feb-13,3:45,0
578,3007,s_412, Adele,First Love,28-Jan-08, 3:10,Carly Rae Jepsen,First Time,26-Aug-16,3:35,0
580,3012,s_1739, Adele,Hometown Glory,28-Jan-08, 4:31,Zhu,Hometown Girl,29-Jul-16,4:12,0
582,3024,s_712, Adele,Rumour Has It (Live),12-Jul-11, 3:48,Adele,Rumour Has It,22-Feb-11,3:41,0
585,3028,s_109,Justin Bieber,Mark My Words,13-Nov-15, 2:14,Justin Bieber,Mark My Words,13-Nov-15,2:14,1
587,3029,s_122,Justin Bieber,I'll Show You,13-Nov-15, 3:19,Justin Bieber,Been You,13-Nov-15,3:19,0
589,3031,s_112,Justin Bieber,Sorry,13-Nov-15, 3:20,Justin Bieber,Sorry,13-Nov-15,3:20,1
590,3032,s_113,Justin Bieber,Love Yourself,13-Nov-15, 3:53,Justin Bieber,Love Yourself,13-Nov-15,3:53,1
591,3032,s_1716,Justin Bieber,Love Yourself,13-Nov-15, 3:53,Madonna,Express Yourself,12-Feb-13,4:04,0
592,3032,s_633,Justin Bieber,Love Yourself,13-Nov-15, 3:53,Michael Jackson,Enjoy Yourself,5-Jul-05,3:21,0
593,3033,s_114,Justin Bieber,Company,13-Nov-15, 3:28,Justin Bieber,Company,13-Nov-15,3:28,1
595,3034,s_115,Justin Bieber,No Pressure (feat. Big Sean),13-Nov-15, 4:46,Justin Bieber,No Pressure [feat. Big Sean],13-Nov-15,4:46,1
596,3035,s_116,Justin Bieber,No Sense,13-Nov-15, 4:35,Justin Bieber,No Sense [feat. Travis Scott],13-Nov-15,4:35,1
597,3036,s_117,Justin Bieber,The Feeling,13-Nov-15, 4:04,Justin Bieber,The Feeling [feat. Halsey],13-Nov-15,4:04,1
598,3036,s_466,Justin Bieber,The Feeling,13-Nov-15, 4:04,Tom Petty,The Waiting,9-Mar-10,3:59,0
599,3036,s_709,Justin Bieber,The Feeling,13-Nov-15, 4:04,Daya,Got the Feeling,7-Oct-16,3:37,0
600,3037,s_118,Justin Bieber,Life Is Worth Living,13-Nov-15, 3:54,Justin Bieber,Life Is Worth Living,13-Nov-15,3:54,1
601,3038,s_119,Justin Bieber,Where are you now,13-Nov-15, 4:02,Justin Bieber,Where Are ?Now,13-Nov-15,4:02,1
602,3039,s_120,Justin Bieber,Children,13-Nov-15, 3:43,Justin Bieber,Children,13-Nov-15,3:43,1
604,3040,s_291,Justin Bieber,Purpose,13-Nov-15, 3:30,Sabrina Carpenter,On Purpose,14-Oct-16,3:58,0
605,3041,s_110,Justin Bieber,Been you,13-Nov-15, 3:19,Justin Bieber,I'll Show You,13-Nov-15,3:19,0
606,3041,s_122,Justin Bieber,Been you,13-Nov-15, 3:19,Justin Bieber,Been You,13-Nov-15,3:19,1
