_id,ltable_Id,rtable_Id,ltable_Artist,ltable_TrackName,ltable_Released,ltable_Time,rtable_Artist,rtable_TrackName,rtable_Released,rtable_Time
0,1,s_927, Taylor Swift, Welcome To New York,27-Oct-14, 3:32,Taylor Swift,Welcome To New York,27-Oct-14,3:32
1,2,s_928, Taylor Swift, Blank Space,27-Oct-14, 3:51,Taylor Swift,Blank Space,27-Oct-14,3:51
2,2,s_929, Taylor Swift, Blank Space,27-Oct-14, 3:51,Taylor Swift,Style,27-Oct-14,3:51
3,3,s_928, Taylor Swift, Style,27-Oct-14, 3:51,Taylor Swift,Blank Space,27-Oct-14,3:51
4,3,s_929, Taylor Swift, Style,27-Oct-14, 3:51,Taylor Swift,Style,27-Oct-14,3:51
5,4,s_930, Taylor Swift, Out of the Woods,27-Oct-14, 3:55,Taylor Swift,Out Of The Woods,27-Oct-14,3:55
6,5,s_931, Taylor Swift, All You Had To Do Was Stay,28-Oct-14, 3:13,Taylor Swift,All You Had To Do Was Stay,27-Oct-14,3:13
7,6,s_932, Taylor Swift, Shake It Off,27-Oct-14, 3:39,Taylor Swift,Shake It Off,27-Oct-14,3:39
8,7,s_933, Taylor Swift, I Wish You Would,27-Oct-14, 3:27,Taylor Swift,I Wish You Would,27-Oct-14,3:27
9,8,s_934, Taylor Swift, Bad Blood,27-Oct-14, 3:31,Taylor Swift,Bad Blood,27-Oct-14,3:31
10,9,s_935, Taylor Swift, Wildest Dreams,27-Oct-14, 3:40,Taylor Swift,Wildest Dreams,27-Oct-14,3:40
11,10,s_936, Taylor Swift, How You Get the Girl,27-Oct-14, 4:07,Taylor Swift,How You Get The Girl,27-Oct-14,4:07
12,11,s_1857, Taylor Swift, This Love,27-Oct-14, 4:10,DeBarge,All This Love,25-Oct-10,5:53
13,11,s_2567, Taylor Swift, This Love,27-Oct-14, 4:10,DeBarge,All This Love,25-Mar-97,5:53
14,11,s_937, Taylor Swift, This Love,27-Oct-14, 4:10,Taylor Swift,This Love,27-Oct-14,4:10
15,12,s_938, Taylor Swift, I Know Places,27-Oct-14, 3:15,Taylor Swift,I Know Places,27-Oct-14,3:15
16,13,s_939, Taylor Swift, Clean,27-Oct-14, 4:31,Taylor Swift,Clean,27-Oct-14,4:31
17,38,s_441, Taylor Swift, You're Not Sorry,11-Nov-08, 4:21,Lukas Graham,You're Not There,1-Apr-16,3:22
18,42,s_1766, Taylor Swift, Change,11-Nov-08, 4:40,MuteMath,Changes,23-Sep-16,3:54
19,47,s_2531, Taylor Swift, Dear John,25-Oct-10, 6:43,Joe Walsh,Dear John,12-Jun-07,2:40
20,64,s_695, Taylor Swift, Stay Beautiful,26-Oct-06, 3:56,Tony Bennett and Lady Gaga,But Beautiful,23-Sep-14,4:04
21,67,s_511, Taylor Swift, Our Song,24-Oct-06, 3:21,Elton John,Your Song,12-Nov-02,4:05
22,83,s_2713, Taylor Swift, Other Side of the Door,26-Oct-09, 3:57,Erykah Badu,Other Side Of The Game,11-Feb-97,6:33
23,92,s_441, Taylor Swift, You're Not Sorry,26-Oct-09, 4:21,Lukas Graham,You're Not There,1-Apr-16,3:22
24,96,s_1766, Taylor Swift, Change,26-Oct-09, 4:41,MuteMath,Changes,23-Sep-16,3:54
25,97,s_1766, Taylor Swift, Change,26-Oct-09, 4:32,MuteMath,Changes,23-Sep-16,3:54
26,126,s_2469, Taylor Swift, I Want You Back (Live),21-Nov-11, 1:23,Tye Tribbett & G.A.,I Want It All Back (Live),23-May-06,5:28
27,223,s_911, Rihanna, Consideration (feat. SZA),29-Jan-16, 2:41,Rihanna,Consideration [feat. SZA] [Explicit],29-Jan-16,2:41
28,224,s_912, Rihanna, James Joint,29-Jan-16, 1:12,Rihanna,James Joint [Explicit],29-Jan-16,1:12
29,225,s_913, Rihanna, Kiss It Better,29-Jan-16, 4:13,Rihanna,Kiss It Better [Explicit],29-Jan-16,4:13
30,226,s_914, Rihanna, Work (feat. Drake),29-Jan-16, 3:39,Rihanna,Work [feat. Drake] [Explicit],29-Jan-16,3:39
31,227,s_915, Rihanna, Desperado,29-Jan-16, 3:06,Rihanna,Desperado,29-Jan-16,3:06
32,228,s_916, Rihanna, Woo,29-Jan-16, 3:55,Rihanna,Woo [Explicit],29-Jan-16,3:55
33,229,s_917, Rihanna, Needed Me,29-Jan-16, 3:11,Rihanna,Needed Me [Explicit],29-Jan-16,3:11
34,231,s_919, Rihanna, Same Ol’ Mistakes,29-Jan-16, 6:37,Rihanna,Same Ol' Mistakes,29-Jan-16,6:37
35,232,s_920, Rihanna, Never Ending,29-Jan-16, 3:22,Rihanna,Never Ending,29-Jan-16,3:22
36,233,s_923, Rihanna, Love on the Brain,29-Jan-16, 3:43,Rihanna,Close To You,29-Jan-16,3:43
37,234,s_413, Rihanna, Higher,29-Jan-16, 2:00,Carly Rae Jepsen,Higher,26-Aug-16,3:54
38,234,s_922, Rihanna, Higher,29-Jan-16, 2:00,Rihanna,Higher [Explicit],29-Jan-16,2:00
39,235,s_923, Rihanna, Close to You,29-Jan-16, 3:57,Rihanna,Close To You,29-Jan-16,3:43
40,236,s_924, Rihanna, Goodnight Gotham,29-Jan-16, 1:28,Rihanna,Goodnight Gotham,29-Jan-16,1:28
41,237,s_925, Rihanna, Pose,29-Jan-16, 2:24,Rihanna,Pose [Explicit],29-Jan-16,2:24
42,238,s_926, Rihanna, Sex with Me,29-Jan-16, 3:26,Rihanna,Sex With Me [Explicit],29-Jan-16,3:26
43,252,s_2273, Rihanna, Fool In Love,21-Nov-11, 4:16,Monophonics,Foolish Love,6-Oct-14,7:45
44,255,s_909, Rihanna, Diamonds,1-Jan-12, 3:45,Barry Gibb,Diamonds,7-Oct-16,5:17
45,295,s_2530, Rihanna, Man Down,1-Jan-10, 4:27,Joe Walsh,Good Man Down,12-Jun-07,4:14
46,302,s_504, Rihanna, Mad House,1-Jan-09, 1:34,Jimi Hendrix,Red House,1-Jan-10,3:50
47,313,s_502, Rihanna, Cold Case Love,1-Jan-09, 6:04,Jimi Hendrix,Bold as Love,1-Jan-10,4:11
48,316,s_909, Rihanna, Diamonds,1-Jan-12, 3:45,Barry Gibb,Diamonds,7-Oct-16,5:17
49,354,s_504, Rihanna, Mad House,23-Nov-09, 1:34,Jimi Hendrix,Red House,1-Jan-10,3:50
50,362,s_88, Rihanna, Photographs,23-Nov-09, 4:46,Ed Sheeran,Photograph,23-Jun-14,4:19
51,365,s_502, Rihanna, Cold Case Love,23-Nov-09, 6:04,Jimi Hendrix,Bold as Love,1-Jan-10,4:11
52,372,s_412, Rihanna, Last Time,1-Jan-05, 4:53,Carly Rae Jepsen,First Time,26-Aug-16,3:35
53,372,s_426, Rihanna, Last Time,1-Jan-05, 4:53,Idina Menzel,Last Time,23-Sep-16,3:57
54,386,s_2530, Rihanna, Man Down,1-Jan-10, 4:27,Joe Walsh,Good Man Down,12-Jun-07,4:14
55,393,s_911, Rihanna, Consideration (feat. SZA),29-Jan-16, 2:41,Rihanna,Consideration [feat. SZA] [Explicit],29-Jan-16,2:41
56,394,s_912, Rihanna, James Joint,29-Jan-16, 1:12,Rihanna,James Joint [Explicit],29-Jan-16,1:12
57,395,s_913, Rihanna, Kiss It Better,29-Jan-16, 4:13,Rihanna,Kiss It Better [Explicit],29-Jan-16,4:13
58,396,s_914, Rihanna, Work (feat. Drake),29-Jan-16, 3:39,Rihanna,Work [feat. Drake] [Explicit],29-Jan-16,3:39
59,397,s_915, Rihanna, Desperado,29-Jan-16, 3:06,Rihanna,Desperado,29-Jan-16,3:06
60,398,s_916, Rihanna, Woo,29-Jan-16, 3:55,Rihanna,Woo [Explicit],29-Jan-16,3:55
61,399,s_917, Rihanna, Needed Me,29-Jan-16, 3:11,Rihanna,Needed Me [Explicit],29-Jan-16,3:11
62,401,s_919, Rihanna, Same Ol’ Mistakes,29-Jan-16, 6:37,Rihanna,Same Ol' Mistakes,29-Jan-16,6:37
63,402,s_920, Rihanna, Never Ending,29-Jan-16, 3:22,Rihanna,Never Ending,29-Jan-16,3:22
64,403,s_923, Rihanna, Love On the Brain,29-Jan-16, 3:43,Rihanna,Close To You,29-Jan-16,3:43
65,404,s_413, Rihanna, Higher,29-Jan-16, 2:00,Carly Rae Jepsen,Higher,26-Aug-16,3:54
66,404,s_922, Rihanna, Higher,29-Jan-16, 2:00,Rihanna,Higher [Explicit],29-Jan-16,2:00
67,405,s_1308, Rihanna, Close To You,29-Jan-16, 3:57,The Cure,Close To Me,13-Nov-01,3:40
68,405,s_923, Rihanna, Close To You,29-Jan-16, 3:57,Rihanna,Close To You,29-Jan-16,3:43
69,406,s_924, Rihanna, Goodnight Gotham,29-Jan-16, 1:28,Rihanna,Goodnight Gotham,29-Jan-16,1:28
70,407,s_925, Rihanna, Pose,29-Jan-16, 2:24,Rihanna,Pose [Explicit],29-Jan-16,2:24
71,408,s_926, Rihanna, Sex With Me,29-Jan-16, 3:26,Rihanna,Sex With Me [Explicit],29-Jan-16,3:26
72,409,s_911, Rihanna, Consideration (feat. SZA),29-Jan-16, 2:41,Rihanna,Consideration [feat. SZA] [Explicit],29-Jan-16,2:41
73,410,s_912, Rihanna, James Joint,29-Jan-16, 1:12,Rihanna,James Joint [Explicit],29-Jan-16,1:12
74,411,s_913, Rihanna, Kiss It Better,29-Jan-16, 4:13,Rihanna,Kiss It Better [Explicit],29-Jan-16,4:13
75,412,s_914, Rihanna, Work (feat. Drake),29-Jan-16, 3:39,Rihanna,Work [feat. Drake] [Explicit],29-Jan-16,3:39
76,413,s_915, Rihanna, Desperado,29-Jan-16, 3:06,Rihanna,Desperado,29-Jan-16,3:06
77,414,s_916, Rihanna, Woo,29-Jan-16, 3:55,Rihanna,Woo [Explicit],29-Jan-16,3:55
78,415,s_917, Rihanna, Needed Me,29-Jan-16, 3:11,Rihanna,Needed Me [Explicit],29-Jan-16,3:11
79,417,s_919, Rihanna, Same Ol’ Mistakes,29-Jan-16, 6:37,Rihanna,Same Ol' Mistakes,29-Jan-16,6:37
80,418,s_920, Rihanna, Never Ending,29-Jan-16, 3:22,Rihanna,Never Ending,29-Jan-16,3:22
81,419,s_923, Rihanna, Love on the Brain,29-Jan-16, 3:43,Rihanna,Close To You,29-Jan-16,3:43
82,420,s_413, Rihanna, Higher,29-Jan-16, 2:00,Carly Rae Jepsen,Higher,26-Aug-16,3:54
83,420,s_922, Rihanna, Higher,29-Jan-16, 2:00,Rihanna,Higher [Explicit],29-Jan-16,2:00
84,421,s_923, Rihanna, Close to You,29-Jan-16, 3:57,Rihanna,Close To You,29-Jan-16,3:43
85,423,s_909, Rihanna, Diamonds,1-Jan-12, 3:45,Barry Gibb,Diamonds,7-Oct-16,5:17
86,441,s_909, Rihanna, Diamonds,1-Jan-12, 3:45,Barry Gibb,Diamonds,7-Oct-16,5:17
87,467,s_2273, Rihanna, Fool In Love,21-Nov-11, 4:15,Monophonics,Foolish Love,6-Oct-14,7:45
88,523,s_911, Rihanna, Consideration (feat. SZA),29-Jan-16, 2:41,Rihanna,Consideration [feat. SZA] [Explicit],29-Jan-16,2:41
89,524,s_912, Rihanna, James Joint,29-Jan-16, 1:12,Rihanna,James Joint [Explicit],29-Jan-16,1:12
90,525,s_913, Rihanna, Kiss It Better,29-Jan-16, 4:13,Rihanna,Kiss It Better [Explicit],29-Jan-16,4:13
91,526,s_914, Rihanna, Work (feat. Drake),29-Jan-16, 3:39,Rihanna,Work [feat. Drake] [Explicit],29-Jan-16,3:39
92,527,s_915, Rihanna, Desperado,29-Jan-16, 3:06,Rihanna,Desperado,29-Jan-16,3:06
93,528,s_916, Rihanna, Woo,29-Jan-16, 3:55,Rihanna,Woo [Explicit],29-Jan-16,3:55
94,529,s_917, Rihanna, Needed Me,29-Jan-16, 3:11,Rihanna,Needed Me [Explicit],29-Jan-16,3:11
95,531,s_919, Rihanna, Same Ol’ Mistakes,29-Jan-16, 6:37,Rihanna,Same Ol' Mistakes,29-Jan-16,6:37
96,532,s_920, Rihanna, Never Ending,29-Jan-16, 3:22,Rihanna,Never Ending,29-Jan-16,3:22
97,533,s_923, Rihanna, Love on the Brain,29-Jan-16, 3:43,Rihanna,Close To You,29-Jan-16,3:43
98,534,s_413, Rihanna, Higher,29-Jan-16, 2:00,Carly Rae Jepsen,Higher,26-Aug-16,3:54
99,534,s_922, Rihanna, Higher,29-Jan-16, 2:00,Rihanna,Higher [Explicit],29-Jan-16,2:00
100,535,s_923, Rihanna, Close to You,29-Jan-16, 3:57,Rihanna,Close To You,29-Jan-16,3:43
101,716,s_909, Rihanna, Diamonds,1-Jan-12, 3:45,Barry Gibb,Diamonds,7-Oct-16,5:17
102,755,s_2423, Eminem, Cold Wind Blows,18-Jun-10, 5:03,Muddy Waters,Blow Wind Blow,30-Oct-01,3:38
103,771,s_1428, Eminem, Untitled,18-Jun-10, 3:14,Burial,Untitled,1-Jul-14,0:46
104,781,s_1828, Eminem, Soldier,1-Jan-02, 3:46,Various artists,Soldier,5-Sep-16,3:14
105,795,s_2423, Eminem, Cold Wind Blows,18-Jun-10, 5:03,Muddy Waters,Blow Wind Blow,30-Oct-01,3:38
106,811,s_1428, Eminem, Untitled,18-Jun-10, 3:14,Burial,Untitled,1-Jul-14,0:46
107,818,s_1127, Eminem, Way I Am,1-Jan-00, 4:50,Gavin DeGraw,Say I Am,9-Sep-16,3:15
108,820,s_305, Eminem, Remember Me?,1-Jan-00, 3:38,Ingrid Michaelson,I Remember Her,26-Aug-16,3:29
109,833,s_519, Eminem, Yellow Brick Road,4-Nov-04, 5:46,Elton John,Goodbye Yellow Brick Road,12-Nov-02,3:16
110,855,s_1127, Eminem, Way I Am,1-Jan-05, 4:51,Gavin DeGraw,Say I Am,9-Sep-16,3:15
111,858,s_113, Eminem, Lose Yourself,1-Jan-05, 5:26,Justin Bieber,Love Yourself,13-Nov-15,3:53
112,875,s_210, JAY Z, Renegade,1-Jan-05, 5:36,Styx,Renegade,22-Aug-95,4:14
113,882,s_1981, Eminem, Hello,19-May-09, 4:08,Lionel Richie,Hello,31-Jan-12,4:08
114,882,s_2341, Eminem, Hello,19-May-09, 4:08,Prince,Hello,14-Jun-11,3:24
115,882,s_954, Eminem, Hello,19-May-09, 4:08,Adele,Hello,20-Nov-15,4:55
116,893,s_1911, Eminem, Beautiful,19-May-09, 6:32,India.Arie,Beautiful,27-Mar-01,4:05
117,893,s_2198, Eminem, Beautiful,19-May-09, 6:32,Nathan Feuerstein,Beautiful,29-Nov-10,4:27
118,893,s_695, Eminem, Beautiful,19-May-09, 6:32,Tony Bennett and Lady Gaga,But Beautiful,23-Sep-14,4:04
119,897,s_1144, Eminem, We Made You (Single Version),19-May-09, 4:46,Louis Armstrong,The Dummy Song (Single Version),10-May-94,2:22
120,897,s_1476, Eminem, We Made You (Single Version),19-May-09, 4:46,Michael Jackson,Beat It (Single Version),4-Dec-07,4:18
121,897,s_2304, Eminem, We Made You (Single Version),19-May-09, 4:46,Blood Sweat & Tears,More and More (Single Version),23-Feb-99,2:40
122,897,s_248, Eminem, We Made You (Single Version),19-May-09, 4:46,Michael Jackson,Rock with You (Single Version),12-Feb-08,3:40
123,897,s_250, Eminem, We Made You (Single Version),19-May-09, 4:46,Michael Jackson,Beat It (Single Version),12-Feb-08,4:18
124,897,s_637, Eminem, We Made You (Single Version),19-May-09, 4:46,Michael Jackson,Rock with You (Single Version),5-Jul-05,3:23
125,897,s_643, Eminem, We Made You (Single Version),19-May-09, 4:46,Michael Jackson,Beat It (Single Version),5-Jul-05,4:18
126,912,s_2632,  Eminem & Yelawolf, Twisted,24-Nov-14, 4:59,Wood Brothers,Twisted,1-Apr-08,4:08
127,917,s_113, Eminem, Lose Yourself,24-Nov-14, 5:20,Justin Bieber,Love Yourself,13-Nov-15,3:53
128,924,s_1812, Obie Trice, Wanna Know,24-Nov-14, 4:04,Various artists,I Wanna Know,5-Sep-16,3:04
129,936,s_1981, Eminem, Hello,21-Dec-09, 4:08,Lionel Richie,Hello,31-Jan-12,4:08
130,936,s_2341, Eminem, Hello,21-Dec-09, 4:08,Prince,Hello,14-Jun-11,3:24
131,936,s_954, Eminem, Hello,21-Dec-09, 4:08,Adele,Hello,20-Nov-15,4:55
132,947,s_1911, Eminem, Beautiful,21-Dec-09, 6:32,India.Arie,Beautiful,27-Mar-01,4:05
133,947,s_2198, Eminem, Beautiful,21-Dec-09, 6:32,Nathan Feuerstein,Beautiful,29-Nov-10,4:27
134,947,s_695, Eminem, Beautiful,21-Dec-09, 6:32,Tony Bennett and Lady Gaga,But Beautiful,23-Sep-14,4:04
135,950,s_2390, Eminem, Underground,21-Dec-09, 6:11,B. B. King,Go Underground,25-Oct-05,4:03
136,965,s_1981, Eminem, Hello,19-May-09, 4:08,Lionel Richie,Hello,31-Jan-12,4:08
137,965,s_2341, Eminem, Hello,19-May-09, 4:08,Prince,Hello,14-Jun-11,3:24
138,965,s_954, Eminem, Hello,19-May-09, 4:08,Adele,Hello,20-Nov-15,4:55
139,972,s_2543, Eminem, Old Time's Sake,19-May-09, 4:38,Various artists,For Old Times' Sake,22-Aug-16,4:28
140,976,s_1911, Eminem, Beautiful,19-May-09, 6:32,India.Arie,Beautiful,27-Mar-01,4:05
141,976,s_2198, Eminem, Beautiful,19-May-09, 6:32,Nathan Feuerstein,Beautiful,29-Nov-10,4:27
142,976,s_695, Eminem, Beautiful,19-May-09, 6:32,Tony Bennett and Lady Gaga,But Beautiful,23-Sep-14,4:04
143,980,s_1144, Eminem, We Made You (Single Version),19-May-09, 4:47,Louis Armstrong,The Dummy Song (Single Version),10-May-94,2:22
144,980,s_1476, Eminem, We Made You (Single Version),19-May-09, 4:47,Michael Jackson,Beat It (Single Version),4-Dec-07,4:18
145,980,s_2304, Eminem, We Made You (Single Version),19-May-09, 4:47,Blood Sweat & Tears,More and More (Single Version),23-Feb-99,2:40
146,980,s_248, Eminem, We Made You (Single Version),19-May-09, 4:47,Michael Jackson,Rock with You (Single Version),12-Feb-08,3:40
147,980,s_250, Eminem, We Made You (Single Version),19-May-09, 4:47,Michael Jackson,Beat It (Single Version),12-Feb-08,4:18
148,980,s_637, Eminem, We Made You (Single Version),19-May-09, 4:47,Michael Jackson,Rock with You (Single Version),5-Jul-05,3:23
149,980,s_643, Eminem, We Made You (Single Version),19-May-09, 4:47,Michael Jackson,Beat It (Single Version),5-Jul-05,4:18
150,981,s_258,"Eminem, Dr. Dre & 50 Cent", Crack a Bottle (Single Version),19-May-09, 5:15,Michael Jackson,Black or White (Single Version),12-Feb-08,3:18
151,981,s_656,"Eminem, Dr. Dre & 50 Cent", Crack a Bottle (Single Version),19-May-09, 5:15,Michael Jackson,Black or White (Single Version),5-Jul-05,3:22
152,985,s_2947, Bizarre & Kuniva, Murder,1-Jan-06, 2:10,Lido,Murder,7-Oct-16,4:35
153,1005,s_1898, Eminem, Intro,1-Jan-05, 0:33,India.Arie,Intro,27-Mar-01,0:50
154,1005,s_2143, Eminem, Intro,1-Jan-05, 0:33,OutKast,Intro,23-Sep-03,1:29
155,1007,s_1127, Eminem, Way I Am,1-Jan-05, 4:51,Gavin DeGraw,Say I Am,9-Sep-16,3:15
156,1038,s_2423, Eminem, Cold Wind Blows,18-Jun-10, 5:03,Muddy Waters,Blow Wind Blow,30-Oct-01,3:38
157,1054,s_1428, Eminem, Untitled,18-Jun-10, 3:14,Burial,Untitled,1-Jul-14,0:46
158,1056,s_1127, Eminem, Way I Am,1-Jan-05, 4:50,Gavin DeGraw,Say I Am,9-Sep-16,3:15
159,1087,s_2428, Eminem, I'm Shady,1-Jan-99, 3:31,Muddy Waters,I'm Ready,30-Oct-01,3:39
160,1114,s_519, Eminem, Yellow Brick Road,12-Nov-04, 5:46,Elton John,Goodbye Yellow Brick Road,12-Nov-02,3:16
161,1153,s_2947, Bizarre & Kuniva, Murder,5-Dec-06, 2:11,Lido,Murder,7-Oct-16,4:35
162,1178,s_1981, Eminem, Hello,21-Dec-09, 4:08,Lionel Richie,Hello,31-Jan-12,4:08
163,1178,s_2341, Eminem, Hello,21-Dec-09, 4:08,Prince,Hello,14-Jun-11,3:24
164,1178,s_954, Eminem, Hello,21-Dec-09, 4:08,Adele,Hello,20-Nov-15,4:55
165,1189,s_1911, Eminem, Beautiful,21-Dec-09, 6:32,India.Arie,Beautiful,27-Mar-01,4:05
166,1189,s_2198, Eminem, Beautiful,21-Dec-09, 6:32,Nathan Feuerstein,Beautiful,29-Nov-10,4:27
167,1189,s_695, Eminem, Beautiful,21-Dec-09, 6:32,Tony Bennett and Lady Gaga,But Beautiful,23-Sep-14,4:04
168,1192,s_2390, Eminem, Underground,21-Dec-09, 6:11,B. B. King,Go Underground,25-Oct-05,4:03
169,1206,s_1828, Eminem, Soldier,1-Jan-02, 3:46,Various artists,Soldier,5-Sep-16,3:14
170,1241,s_2428, Eminem, I'm Shady,23-Feb-99, 3:31,Muddy Waters,I'm Ready,30-Oct-01,3:39
171,1247,s_519, Eminem, Yellow Brick Road,12-Nov-04, 5:46,Elton John,Goodbye Yellow Brick Road,12-Nov-02,3:16
172,1267,s_519, Eminem, Yellow Brick Road,12-Nov-04, 5:46,Elton John,Goodbye Yellow Brick Road,12-Nov-02,3:16
173,1289,s_1981, Eminem, Hello,1-Jan-09, 4:08,Lionel Richie,Hello,31-Jan-12,4:08
174,1289,s_2341, Eminem, Hello,1-Jan-09, 4:08,Prince,Hello,14-Jun-11,3:24
175,1289,s_954, Eminem, Hello,1-Jan-09, 4:08,Adele,Hello,20-Nov-15,4:55
176,1300,s_1911, Eminem, Beautiful,1-Jan-09, 6:32,India.Arie,Beautiful,27-Mar-01,4:05
177,1300,s_2198, Eminem, Beautiful,1-Jan-09, 6:32,Nathan Feuerstein,Beautiful,29-Nov-10,4:27
178,1300,s_695, Eminem, Beautiful,1-Jan-09, 6:32,Tony Bennett and Lady Gaga,But Beautiful,23-Sep-14,4:04
179,1303,s_2390, Eminem, Underground,1-Jan-09, 6:11,B. B. King,Go Underground,25-Oct-05,4:03
180,1330,s_1700, Katy Perry, Ghost,22-Oct-13, 3:23,Conjure One,Ghost,20-Nov-15,5:22
181,1331,s_448, Katy Perry, Love Me,22-Oct-13, 3:52,Meghan Trainor,I Love Me,13-May-16,2:47
182,1346,s_1363, Katy Perry, Lost,17-Jun-08, 4:15,Gareth Emery,Lost,1-Apr-16,4:31
183,1346,s_1935, Katy Perry, Lost,17-Jun-08, 4:15,Maxwell,Lost,1-Jul-16,3:57
184,1348,s_530, Katy Perry, I'm Still Breathing,17-Jun-08, 3:48,Elton John,I'm Still Standing,12-Nov-02,3:04
185,1378,s_1700, Katy Perry, Ghost,1-Jan-13, 3:23,Conjure One,Ghost,20-Nov-15,5:22
186,1379,s_448, Katy Perry, Love Me,1-Jan-13, 3:52,Meghan Trainor,I Love Me,13-May-16,2:47
187,1448,s_287, Katy Perry, Use Your Love,20-Nov-07, 3:03,Grace,Feel Your Love,26-May-15,3:03
188,1448,s_329, Katy Perry, Use Your Love,20-Nov-07, 3:03,Grace,Feel Your Love,1-Jul-16,3:03
189,1449,s_1363, Katy Perry, Lost,20-Nov-07, 4:20,Gareth Emery,Lost,1-Apr-16,4:31
190,1449,s_1935, Katy Perry, Lost,20-Nov-07, 4:20,Maxwell,Lost,1-Jul-16,3:57
191,1461,s_287, Katy Perry, Use Your Love,20-Nov-07, 3:03,Grace,Feel Your Love,26-May-15,3:03
192,1461,s_329, Katy Perry, Use Your Love,20-Nov-07, 3:03,Grace,Feel Your Love,1-Jul-16,3:03
193,1462,s_1363, Katy Perry, Lost,20-Nov-07, 4:21,Gareth Emery,Lost,1-Apr-16,4:31
194,1462,s_1935, Katy Perry, Lost,20-Nov-07, 4:21,Maxwell,Lost,1-Jul-16,3:57
195,1542,s_1116, Drake, Controlla,29-Apr-16, 4:05,Janet Jackson,Control,24-Apr-07,5:14
196,1542,s_2820, Drake, Controlla,29-Apr-16, 4:05,Janet Jackson,Control,24-Apr-07,5:53
197,1555,s_633, Drake, Know Yourself,13-Feb-15, 4:35,Michael Jackson,Enjoy Yourself,5-Jul-05,3:21
198,1567,s_1956, Drake, Jungle,13-Feb-15, 5:20,H.E.R.,Jungle,9-Sep-16,5:04
199,1578,s_1389, Drake, Language,24-Sep-13, 3:44,Armin van Buuren,Body Language,19-Aug-16,2:11
200,1578,s_1815, Drake, Language,24-Sep-13, 3:44,Various artists,Bad Language,5-Sep-16,3:13
201,1578,s_416, Drake, Language,24-Sep-13, 3:44,Carly Rae Jepsen,Body Language,26-Aug-16,2:53
202,1620,s_1012, Drake, Up All Night,"Jan 01,2010", 3:54,Beyonce,All Night,25-Apr-16,5:22
203,1620,s_1189, Drake, Up All Night,"Jan 01,2010", 3:54,Charlie Puth,Up All Night,29-Jan-16,3:10
204,1620,s_38, Drake, Up All Night,"Jan 01,2010", 3:54,Beyonce,All Night,25-Apr-16,5:21
205,1627,s_287, Drake, Find Your Love,"Jan 01,2010", 3:28,Grace,Feel Your Love,26-May-15,3:03
206,1627,s_329, Drake, Find Your Love,"Jan 01,2010", 3:28,Grace,Feel Your Love,1-Jul-16,3:03
207,1661,s_1012, Drake, Up All Night,1-Jan-10, 3:54,Beyonce,All Night,25-Apr-16,5:22
208,1661,s_1189, Drake, Up All Night,1-Jan-10, 3:54,Charlie Puth,Up All Night,29-Jan-16,3:10
209,1661,s_38, Drake, Up All Night,1-Jan-10, 3:54,Beyonce,All Night,25-Apr-16,5:21
210,1668,s_287, Drake, Find Your Love,1-Jan-10, 3:28,Grace,Feel Your Love,26-May-15,3:03
211,1668,s_329, Drake, Find Your Love,1-Jan-10, 3:28,Grace,Feel Your Love,1-Jul-16,3:03
212,1679,s_1389, Drake, Language,24-Sep-13, 3:44,Armin van Buuren,Body Language,19-Aug-16,2:11
213,1679,s_1815, Drake, Language,24-Sep-13, 3:44,Various artists,Bad Language,5-Sep-16,3:13
214,1679,s_416, Drake, Language,24-Sep-13, 3:44,Carly Rae Jepsen,Body Language,26-Aug-16,2:53
215,1686,s_633, Drake, Know Yourself,13-Feb-15, 4:35,Michael Jackson,Enjoy Yourself,5-Jul-05,3:21
216,1698,s_1956, Drake, Jungle,13-Feb-15, 5:20,H.E.R.,Jungle,9-Sep-16,5:04
217,1709,s_1389, Drake, Language,24-Sep-13, 3:44,Armin van Buuren,Body Language,19-Aug-16,2:11
218,1709,s_1815, Drake, Language,24-Sep-13, 3:44,Various artists,Bad Language,5-Sep-16,3:13
219,1709,s_416, Drake, Language,24-Sep-13, 3:44,Carly Rae Jepsen,Body Language,26-Aug-16,2:53
220,1725,s_1116, Drake, Controlla,29-Apr-16, 4:05,Janet Jackson,Control,24-Apr-07,5:14
221,1725,s_2820, Drake, Controlla,29-Apr-16, 4:05,Janet Jackson,Control,24-Apr-07,5:53
222,1762,s_1389, Drake, Language,24-Sep-13, 3:44,Armin van Buuren,Body Language,19-Aug-16,2:11
223,1762,s_1815, Drake, Language,24-Sep-13, 3:44,Various artists,Bad Language,5-Sep-16,3:13
224,1762,s_416, Drake, Language,24-Sep-13, 3:44,Carly Rae Jepsen,Body Language,26-Aug-16,2:53
225,1853,s_1043, Beyoncé, Heaven,13-Dec-13, 3:50,OneRepublic,Heaven,7-Oct-16,4:18
226,1853,s_2254, Beyoncé, Heaven,13-Dec-13, 3:50,Kem,Heaven,17-May-05,6:22
227,1873,s_1002, Beyoncé, Pray You Catch Me,23-Apr-16, 3:15,Beyonce,Pray You Catch Me,25-Apr-16,3:16
228,1873,s_28, Beyoncé, Pray You Catch Me,23-Apr-16, 3:15,Beyonce,Pray You Catch Me,25-Apr-16,3:16
229,1876,s_112, Beyoncé, Sorry,23-Apr-16, 3:52,Justin Bieber,Sorry,13-Nov-15,3:20
230,1878,s_1007, Beyoncé, Daddy Lessons,23-Apr-16, 4:47,Beyonce,Daddy Lessons,25-Apr-16,4:48
231,1878,s_33, Beyoncé, Daddy Lessons,23-Apr-16, 4:47,Beyonce,Daddy Lessons,25-Apr-16,4:48
232,1879,s_1008, Beyoncé, Love Drought,23-Apr-16, 3:57,Beyonce,Love Drought,25-Apr-16,3:57
233,1879,s_34, Beyoncé, Love Drought,23-Apr-16, 3:57,Beyonce,Love Drought,25-Apr-16,3:57
234,1883,s_1012, Beyoncé, All Night,23-Apr-16, 5:21,Beyonce,All Night,25-Apr-16,5:22
235,1883,s_1189, Beyoncé, All Night,23-Apr-16, 5:21,Charlie Puth,Up All Night,29-Jan-16,3:10
236,1883,s_38, Beyoncé, All Night,23-Apr-16, 5:21,Beyonce,All Night,25-Apr-16,5:21
237,1906,s_2196, Beyoncé, I Miss You,29-Mar-13, 2:58,Nathan Feuerstein,Miss You,29-Nov-10,4:15
238,1906,s_2514, Beyoncé, I Miss You,29-Mar-13, 2:58,Kem,Miss You,25-Feb-03,4:27
239,1906,s_956, Beyoncé, I Miss You,29-Mar-13, 2:58,Adele,I Miss You,20-Nov-15,5:48
240,1955,s_1043, Beyoncé, Heaven,13-Dec-13, 3:50,OneRepublic,Heaven,7-Oct-16,4:18
241,1955,s_2254, Beyoncé, Heaven,13-Dec-13, 3:50,Kem,Heaven,17-May-05,6:22
242,1975,s_1002, Beyoncé, Pray You Catch Me,23-Apr-16, 3:16,Beyonce,Pray You Catch Me,25-Apr-16,3:16
243,1975,s_28, Beyoncé, Pray You Catch Me,23-Apr-16, 3:16,Beyonce,Pray You Catch Me,25-Apr-16,3:16
244,1978,s_112, Beyoncé, Sorry,23-Apr-16, 3:52,Justin Bieber,Sorry,13-Nov-15,3:20
245,1980,s_1007, Beyoncé, Daddy Lessons,23-Apr-16, 4:47,Beyonce,Daddy Lessons,25-Apr-16,4:48
246,1980,s_33, Beyoncé, Daddy Lessons,23-Apr-16, 4:47,Beyonce,Daddy Lessons,25-Apr-16,4:48
247,1981,s_1008, Beyoncé, Love Drought,23-Apr-16, 3:57,Beyonce,Love Drought,25-Apr-16,3:57
248,1981,s_34, Beyoncé, Love Drought,23-Apr-16, 3:57,Beyonce,Love Drought,25-Apr-16,3:57
249,1985,s_1012, Beyoncé, All Night,23-Apr-16, 5:21,Beyonce,All Night,25-Apr-16,5:22
250,1985,s_1189, Beyoncé, All Night,23-Apr-16, 5:21,Charlie Puth,Up All Night,29-Jan-16,3:10
251,1985,s_38, Beyoncé, All Night,23-Apr-16, 5:21,Beyonce,All Night,25-Apr-16,5:21
252,2030,s_2468, Beyoncé, Intro (Live),26-Nov-10, 1:11,Tye Tribbett & G.A.,Intro (Live),23-May-06,2:03
253,2054,s_2468, Beyoncé, Outro (Live),26-Nov-10, 1:58,Tye Tribbett & G.A.,Intro (Live),23-May-06,2:03
254,2067,s_1043, Beyoncé, Heaven,24-Nov-14, 3:50,OneRepublic,Heaven,7-Oct-16,4:18
255,2067,s_2254, Beyoncé, Heaven,24-Nov-14, 3:50,Kem,Heaven,17-May-05,6:22
256,2135,s_1043, Beyoncé, Heaven,24-Nov-14, 3:50,OneRepublic,Heaven,7-Oct-16,4:18
257,2135,s_2254, Beyoncé, Heaven,24-Nov-14, 3:50,Kem,Heaven,17-May-05,6:22
258,2178,s_1981, Beyoncé, Hello,17-Nov-08, 4:16,Lionel Richie,Hello,31-Jan-12,4:08
259,2178,s_2341, Beyoncé, Hello,17-Nov-08, 4:16,Prince,Hello,14-Jun-11,3:24
260,2178,s_954, Beyoncé, Hello,17-Nov-08, 4:16,Adele,Hello,20-Nov-15,4:55
261,2193,s_1582, Beyoncé, Halo (Radio Edit),13-Apr-09, 3:44,Tears For Fears,Change (Radio Edit),25-Sep-01,3:58
262,2248,s_1043, Beyoncé, Heaven,24-Nov-14, 3:50,OneRepublic,Heaven,7-Oct-16,4:18
263,2248,s_2254, Beyoncé, Heaven,24-Nov-14, 3:50,Kem,Heaven,17-May-05,6:22
264,2303,s_1043, Beyoncé, Heaven,24-Nov-14, 3:50,OneRepublic,Heaven,7-Oct-16,4:18
265,2303,s_2254, Beyoncé, Heaven,24-Nov-14, 3:50,Kem,Heaven,17-May-05,6:22
266,2339,s_415, Beyoncé, Fever,8-Feb-10, 3:32,Carly Rae Jepsen,Fever,26-Aug-16,3:05
267,2392,s_1074, Maroon 5, Can't Stop,22-May-07, 2:32,OneRepublic,Can't Stop,14-Apr-14,4:09
268,2393,s_239, Maroon 5, Goodnight Goodnight,22-May-07, 4:03,Andra Day,Goodbye Goodnight,28-Aug-15,4:27
269,2394,s_2203, Maroon 5, Not Falling Apart,22-May-07, 4:03,Nathan Feuerstein,Falling Apart,29-Nov-10,4:30
270,2400,s_1857, Maroon 5, This Love,25-Jun-02, 3:27,DeBarge,All This Love,25-Oct-10,5:53
271,2400,s_2567, Maroon 5, This Love,25-Jun-02, 3:27,DeBarge,All This Love,25-Mar-97,5:53
272,2400,s_937, Maroon 5, This Love,25-Jun-02, 3:27,Taylor Swift,This Love,27-Oct-14,4:10
273,2411,s_2073, Maroon 5, One More Night,1-Jan-12, 3:39,Michael Kiwanuka,One More Night,15-Jul-16,3:53
274,2423,s_222, Maroon 5, Wipe Your Eyes,1-Jan-12, 3:36,Meghan Trainor,Close Your Eyes,13-Jan-15,3:40
275,2427,s_2073, Maroon 5, One More Night,1-Jan-12, 3:39,Michael Kiwanuka,One More Night,15-Jul-16,3:53
276,2439,s_722, Maroon 5, Misery,5-Aug-14, 3:36,Gwen Stefani,Misery,18-Mar-16,3:26
277,2447,s_2106, Maroon 5, Get Back In My Life,5-Aug-14, 3:37,The Righteous Brothers,Just Once In My Life,15-Jan-91,3:49
278,2449,s_1108, Maroon 5, Runaway,5-Aug-14, 3:01,Janet Jackson,Runaway,24-Apr-07,3:34
279,2449,s_91, Maroon 5, Runaway,5-Aug-14, 3:01,Ed Sheeran,Runaway,23-Jun-14,3:25
280,2455,s_827, Maroon 5, Misery (Acoustic),5-Aug-14, 3:46,Shawn Mendes,Mercy (Acoustic),23-Sep-16,3:39
281,2457,s_395, Maroon 5, Air That I Breathe,5-Aug-14, 4:17,The Hollies,The Air That I Breathe,26-Mar-02,4:09
282,2458,s_722, Maroon 5, Misery,5-Aug-14, 3:36,Gwen Stefani,Misery,18-Mar-16,3:26
283,2466,s_2106, Maroon 5, Get Back In My Life,5-Aug-14, 3:37,The Righteous Brothers,Just Once In My Life,15-Jan-91,3:49
284,2468,s_1108, Maroon 5, Runaway,5-Aug-14, 3:01,Janet Jackson,Runaway,24-Apr-07,3:34
285,2468,s_91, Maroon 5, Runaway,5-Aug-14, 3:01,Ed Sheeran,Runaway,23-Jun-14,3:25
286,2471,s_395, Maroon 5, Air That I Breathe,5-Aug-14, 4:17,The Hollies,The Air That I Breathe,26-Mar-02,4:09
287,2475,s_1186, Maroon 5, Losing My Mind,18-Dec-07, 3:20,Charlie Puth,Losing My Mind,29-Jan-16,3:32
288,2486,s_1129, Maroon 5, New Love,15-May-15, 3:16,Gavin DeGraw,New Love,9-Sep-16,3:26
289,2500,s_2073, Maroon 5, One More Night,17-Jul-12, 3:39,Michael Kiwanuka,One More Night,15-Jul-16,3:53
290,2512,s_222, Maroon 5, Wipe Your Eyes,17-Jul-12, 3:36,Meghan Trainor,Close Your Eyes,13-Jan-15,3:40
291,2516,s_2073, Maroon 5, One More Night,26-Jun-12, 3:39,Michael Kiwanuka,One More Night,15-Jul-16,3:53
292,2574,s_827, Maroon 5, Sun (Acoustic),23-Apr-07, 5:18,Shawn Mendes,Mercy (Acoustic),23-Sep-16,3:39
293,2584,s_1129, Maroon 5, New Love,18-May-15, 3:16,Gavin DeGraw,New Love,9-Sep-16,3:26
294,2596,s_1857, Maroon 5, This Love,25-Jun-02, 3:26,DeBarge,All This Love,25-Oct-10,5:53
295,2596,s_2567, Maroon 5, This Love,25-Jun-02, 3:26,DeBarge,All This Love,25-Mar-97,5:53
296,2596,s_937, Maroon 5, This Love,25-Jun-02, 3:26,Taylor Swift,This Love,27-Oct-14,4:10
297,2631,s_1129, Maroon 5, New Love,15-May-15, 3:16,Gavin DeGraw,New Love,9-Sep-16,3:26
298,2646,s_1129, Maroon 5, New Love,15-May-15, 3:16,Gavin DeGraw,New Love,9-Sep-16,3:26
299,2674,s_1857, Maroon 5, This Love,12-Feb-08, 3:25,DeBarge,All This Love,25-Oct-10,5:53
300,2674,s_2567, Maroon 5, This Love,12-Feb-08, 3:25,DeBarge,All This Love,25-Mar-97,5:53
301,2674,s_937, Maroon 5, This Love,12-Feb-08, 3:25,Taylor Swift,This Love,27-Oct-14,4:10
302,2719,s_1765, Kanye West, Heartless (Bonus Track),2008, 3:40,John Carpenter,Real Xeno (Bonus Track),15-Apr-16,4:30
303,2738,s_1454, Kanye West, Roses,1-Jan-05, 4:05,The Chainsmokers,Roses,23-Oct-15,3:45
304,2738,s_419, Kanye West, Roses,1-Jan-05, 4:05,Carly Rae Jepsen,Roses,26-Aug-16,3:40
305,2738,s_826, Kanye West, Roses,1-Jan-05, 4:05,Shawn Mendes,Roses,23-Sep-16,3:52
306,2740,s_1941, Kanye West, Addiction,1-Jan-05, 4:27,Black Violin,Addiction,18-Sep-15,4:08
307,2751,s_1898, Kanye West, Intro,1-Jan-04, 0:19,India.Arie,Intro,27-Mar-01,0:50
308,2751,s_2143, Kanye West, Intro,1-Jan-04, 0:19,OutKast,Intro,23-Sep-03,1:29
309,2752,s_1531, Kanye West, We Don't Care,1-Jan-04, 3:59,Die Antwoord,I Don't Care,16-Sep-16,4:44
310,2768,s_294,"Kanye West, Mos Def, Freeway & The Harlem Boys Choir", Two Words,1-Jan-04, 4:26,Sabrina Carpenter,No Words,14-Oct-16,
311,2792,s_1918, JAY Z & Kanye West, New Day,2011, 4:32,Alicia Keys,New Day,27-Nov-12,4:02
312,2794,s_584, JAY Z & Kanye West, Welcome Tto the Jungle,2011, 2:54,Guns N' Roses,Welcome To The Jungle,21-Jul-87,4:33
313,2818,s_1918, Kanye West & JAY Z, New Day,12-Aug-11, 4:32,Alicia Keys,New Day,27-Nov-12,4:02
314,2820,s_584, Kanye West & JAY Z, Welcome to the Jungle,12-Aug-11, 2:54,Guns N' Roses,Welcome To The Jungle,21-Jul-87,4:33
315,2837,s_1454, Kanye West, Roses,1-Jan-05, 4:05,The Chainsmokers,Roses,23-Oct-15,3:45
316,2837,s_419, Kanye West, Roses,1-Jan-05, 4:05,Carly Rae Jepsen,Roses,26-Aug-16,3:40
317,2837,s_826, Kanye West, Roses,1-Jan-05, 4:05,Shawn Mendes,Roses,23-Sep-16,3:52
318,2839,s_1941, Kanye West, Addiction,1-Jan-05, 4:27,Black Violin,Addiction,18-Sep-15,4:08
319,2847,s_2361, Kanye West, Gone,1-Jan-05, 5:33,Laith Al-Saadi,Gone,1-Sep-13,3:45
320,2847,s_2794, Kanye West, Gone,1-Jan-05, 5:33,My bubba & Mi,Gone,13-Aug-10,2:35
321,2850,s_1898, Kanye West, Intro,1-Jan-04, 0:19,India.Arie,Intro,27-Mar-01,0:50
322,2850,s_2143, Kanye West, Intro,1-Jan-04, 0:19,OutKast,Intro,23-Sep-03,1:29
323,2851,s_1531, Kanye West, We Don't Care,1-Jan-04, 3:59,Die Antwoord,I Don't Care,16-Sep-16,4:44
324,2867,s_294,"Kanye West, Mos Def, Freeway & The Harlem Boys Choir", Two Words,1-Jan-04, 4:26,Sabrina Carpenter,No Words,14-Oct-16,
325,2890,s_1918, Kanye West & JAY Z, New Day,"Aug 12,2011", 4:32,Alicia Keys,New Day,27-Nov-12,4:02
326,2892,s_584, Kanye West & JAY Z, Welcome to the Jungle,"Aug 12,2011", 2:54,Guns N' Roses,Welcome To The Jungle,21-Jul-87,4:33
327,2911,s_1108, Kanye West, Runway,22-Nov-10, 34:25,Janet Jackson,Runaway,24-Apr-07,3:34
328,2911,s_91, Kanye West, Runway,22-Nov-10, 34:25,Ed Sheeran,Runaway,23-Jun-14,3:25
329,2917,s_1918, JAY Z & Kanye West, New Day,2011, 4:32,Alicia Keys,New Day,27-Nov-12,4:02
330,2919,s_584, JAY Z & Kanye West, Welcome to the Jungle,2011, 2:54,Guns N' Roses,Welcome To The Jungle,21-Jul-87,4:33
331,2934,s_1531, Kanye West, We Don't Care,31-Aug-04, 2:55,Die Antwoord,I Don't Care,16-Sep-16,4:44
332,2963,s_1836, Kanye West, Highlights,15-Jun-16, 3:19,Various artists,Highlight,5-Sep-16,4:11
333,2981,s_1981, Adele, Hello,20-Nov-15, 4:55,Lionel Richie,Hello,31-Jan-12,4:08
334,2981,s_2341, Adele, Hello,20-Nov-15, 4:55,Prince,Hello,14-Jun-11,3:24
335,2981,s_954, Adele, Hello,20-Nov-15, 4:55,Adele,Hello,20-Nov-15,4:55
336,2982,s_955, Adele, Send My Love (To Your New Lover),20-Nov-15, 3:43,Adele,Send My Love (To Your New Lover),20-Nov-15,3:43
337,2983,s_2196, Adele, I Miss You,20-Nov-15, 5:48,Nathan Feuerstein,Miss You,29-Nov-10,4:15
338,2983,s_2514, Adele, I Miss You,20-Nov-15, 5:48,Kem,Miss You,25-Feb-03,4:27
339,2983,s_956, Adele, I Miss You,20-Nov-15, 5:48,Adele,I Miss You,20-Nov-15,5:48
340,2984,s_1359, Adele, When We Were Young,20-Nov-15, 4:50,Gareth Emery,We Were Young,1-Apr-16,4:03
341,2984,s_957, Adele, When We Were Young,20-Nov-15, 4:50,Adele,When We Were Young,20-Nov-15,4:50
342,2985,s_958, Adele, Remedy,20-Nov-15, 4:05,Adele,Remedy,20-Nov-15,4:05
343,2986,s_959, Adele, Water Under the Bridge,20-Nov-15, 4:00,Adele,Water Under the Bridge,20-Nov-15,4:00
344,2987,s_960, Adele, River Lea,20-Nov-15, 3:45,Adele,River Lea,20-Nov-15,3:45
345,2988,s_961, Adele, Love in the Dark,20-Nov-15, 4:45,Adele,Love in the Dark,20-Nov-15,4:45
346,2989,s_962, Adele, Million Years Ago,20-Nov-15, 3:47,Adele,Million Years Ago,20-Nov-15,3:47
347,2990,s_963, Adele, All I Ask,20-Nov-15, 4:31,Adele,All I Ask,20-Nov-15,4:31
348,2991,s_964, Adele, Sweetest Devotion,20-Nov-15, 4:11,Adele,Sweetest Devotion,20-Nov-15,4:11
349,2992,s_137, Adele, Rolling in the Deep,24-Jan-11, 3:48,The Piano Guys,Rolling in the Deep,2-Oct-12,3:51
350,2992,s_711, Adele, Rolling in the Deep,24-Jan-11, 3:48,Adele,Rolling in the Deep,22-Feb-11,3:48
351,2993,s_712, Adele, Rumour Has It,24-Jan-11, 3:43,Adele,Rumour Has It,22-Feb-11,3:41
352,2994,s_713, Adele, Turning Tables,24-Jan-11, 4:10,Adele,Turning Tables,22-Feb-11,4:10
353,2995,s_201, Adele, Don't You Remember,24-Jan-11, 4:03,Jack Johnson,Do You Remember,1-Mar-05,2:24
354,2995,s_714, Adele, Don't You Remember,24-Jan-11, 4:03,Adele,Don't You Remember,22-Feb-11,4:03
355,2996,s_715, Adele, Set Fire to the Rain,24-Jan-11, 4:01,Adele,Set Fire to the Rain,22-Feb-11,4:01
356,2997,s_716, Adele, He Won't Go,24-Jan-11, 4:37,Adele,He Won't Go,22-Feb-11,4:37
357,2998,s_717, Adele, Take It All,24-Jan-11, 3:48,Adele,Take It All,22-Feb-11,3:48
358,2999,s_718, Adele, I'll Be Waiting,24-Jan-11, 4:01,Adele,I'll Be Waiting,22-Feb-11,4:01
359,3000,s_719, Adele, One and Only,24-Jan-11, 5:48,Adele,One And Only,22-Feb-11,5:46
360,3005,s_1709, Adele,Crazy for You,28-Jan-08, 3:28,Madonna,Crazy For You,12-Feb-13,3:45
361,3007,s_412, Adele,First Love,28-Jan-08, 3:10,Carly Rae Jepsen,First Time,26-Aug-16,3:35
362,3011,s_1387, Adele,Tired,28-Jan-08, 4:18,Armin van Buuren,Wired,19-Aug-16,3:18
363,3012,s_1739, Adele,Hometown Glory,28-Jan-08, 4:31,Zhu,Hometown Girl,29-Jul-16,4:12
364,3027,s_137, Adele,Rolling in the Deep (Live),12-Jul-11, 5:21,The Piano Guys,Rolling in the Deep,2-Oct-12,3:51
365,3027,s_711, Adele,Rolling in the Deep (Live),12-Jul-11, 5:21,Adele,Rolling in the Deep,22-Feb-11,3:48
366,3028,s_109,Justin Bieber,Mark My Words,13-Nov-15, 2:14,Justin Bieber,Mark My Words,13-Nov-15,2:14
367,3029,s_110,Justin Bieber,I'll Show You,13-Nov-15, 3:19,Justin Bieber,I'll Show You,13-Nov-15,3:19
368,3029,s_122,Justin Bieber,I'll Show You,13-Nov-15, 3:19,Justin Bieber,Been You,13-Nov-15,3:19
369,3030,s_111,Justin Bieber,What Do You Mean?,13-Nov-15, 3:25,Justin Bieber,What Do You Mean?,13-Nov-15,3:25
370,3031,s_112,Justin Bieber,Sorry,13-Nov-15, 3:20,Justin Bieber,Sorry,13-Nov-15,3:20
371,3032,s_113,Justin Bieber,Love Yourself,13-Nov-15, 3:53,Justin Bieber,Love Yourself,13-Nov-15,3:53
372,3033,s_114,Justin Bieber,Company,13-Nov-15, 3:28,Justin Bieber,Company,13-Nov-15,3:28
373,3034,s_115,Justin Bieber,No Pressure (feat. Big Sean),13-Nov-15, 4:46,Justin Bieber,No Pressure [feat. Big Sean],13-Nov-15,4:46
374,3035,s_116,Justin Bieber,No Sense,13-Nov-15, 4:35,Justin Bieber,No Sense [feat. Travis Scott],13-Nov-15,4:35
375,3036,s_117,Justin Bieber,The Feeling,13-Nov-15, 4:04,Justin Bieber,The Feeling [feat. Halsey],13-Nov-15,4:04
376,3037,s_118,Justin Bieber,Life Is Worth Living,13-Nov-15, 3:54,Justin Bieber,Life Is Worth Living,13-Nov-15,3:54
377,3038,s_119,Justin Bieber,Where are you now,13-Nov-15, 4:02,Justin Bieber,Where Are Now,13-Nov-15,4:02
378,3039,s_120,Justin Bieber,Children,13-Nov-15, 3:43,Justin Bieber,Children,13-Nov-15,3:43
379,3040,s_121,Justin Bieber,Purpose,13-Nov-15, 3:30,Justin Bieber,Purpose,13-Nov-15,3:30
380,3040,s_291,Justin Bieber,Purpose,13-Nov-15, 3:30,Sabrina Carpenter,On Purpose,14-Oct-16,3:58
381,3041,s_110,Justin Bieber,Been you,13-Nov-15, 3:19,Justin Bieber,I'll Show You,13-Nov-15,3:19
382,3041,s_122,Justin Bieber,Been you,13-Nov-15, 3:19,Justin Bieber,Been You,13-Nov-15,3:19
